{
	"credit": "Made by PolygonMC",
	"texture_size": [24, 24],
	"textures": {
		"3": "shadowsteelset/axe"
	},
	"elements": [
		{
			"from": [7.5, 0.5, 7.5],
			"to": [8.5, 2, 8.5],
			"rotation": {"angle": 0, "axis": "y", "origin": [7.5, 0, 7.5]},
			"faces": {
				"north": {"uv": [9.33333, 2.66667, 10, 3.66667], "texture": "#3"},
				"east": {"uv": [9.33333, 4, 10, 5], "texture": "#3"},
				"south": {"uv": [4.66667, 9.33333, 5.33333, 10.33333], "texture": "#3"},
				"west": {"uv": [5.33333, 9.33333, 6, 10.33333], "texture": "#3"},
				"up": {"uv": [1.33333, 10.66667, 0.66667, 10], "texture": "#3"}
			}
		},
		{
			"from": [7.6, 2, 7.6],
			"to": [8.4, 3.5, 8.4],
			"rotation": {"angle": 0, "axis": "y", "origin": [7.5, 2, 7.5]},
			"faces": {
				"north": {"uv": [9.33333, 7.33333, 10, 8.33333], "texture": "#3"},
				"east": {"uv": [9.33333, 8.66667, 10, 9.66667], "texture": "#3"},
				"south": {"uv": [0, 10, 0.66667, 11], "texture": "#3"},
				"west": {"uv": [10, 0, 10.66667, 1], "texture": "#3"}
			}
		},
		{
			"from": [7.405, -0.345, 7.405],
			"to": [8.595, 0.845, 8.595],
			"rotation": {"angle": -45, "axis": "x", "origin": [8, 0.25, 8]},
			"faces": {
				"north": {"uv": [10, 2, 10.66667, 2.66667], "texture": "#3"},
				"east": {"uv": [10, 2.66667, 10.66667, 3.33333], "texture": "#3"},
				"south": {"uv": [10, 3.33333, 10.66667, 4], "texture": "#3"},
				"west": {"uv": [10, 4, 10.66667, 4.66667], "texture": "#3"},
				"up": {"uv": [10.66667, 5.33333, 10, 4.66667], "texture": "#3"},
				"down": {"uv": [6.66667, 10, 6, 10.66667], "texture": "#3"}
			}
		},
		{
			"from": [7.155, -0.195, 7.555],
			"to": [8.845, 0.695, 8.445],
			"rotation": {"angle": -45, "axis": "x", "origin": [8, 0.25, 8]},
			"faces": {
				"north": {"uv": [9.33333, 5.33333, 10.33333, 6], "texture": "#3"},
				"east": {"uv": [6.66667, 10, 7.33333, 10.66667], "texture": "#3"},
				"south": {"uv": [6, 9.33333, 7, 10], "texture": "#3"},
				"west": {"uv": [10, 7.33333, 10.66667, 8], "texture": "#3"},
				"up": {"uv": [10.33333, 6.66667, 9.33333, 6], "texture": "#3"},
				"down": {"uv": [10.33333, 6.66667, 9.33333, 7.33333], "texture": "#3"}
			}
		},
		{
			"from": [7.4, 1, 7.4],
			"to": [8.6, 1.5, 8.6],
			"rotation": {"angle": 0, "axis": "y", "origin": [7.5, 0, 7.5]},
			"faces": {
				"north": {"uv": [2.66667, 12, 3.33333, 12.33333], "texture": "#3"},
				"east": {"uv": [12, 2.66667, 12.66667, 3], "texture": "#3"},
				"south": {"uv": [12, 3.33333, 12.66667, 3.66667], "texture": "#3"},
				"west": {"uv": [12, 4, 12.66667, 4.33333], "texture": "#3"},
				"up": {"uv": [2, 10.66667, 1.33333, 10], "texture": "#3"},
				"down": {"uv": [10.66667, 1.33333, 10, 2], "texture": "#3"}
			}
		},
		{
			"from": [7.4, 3.9, 7.4],
			"to": [8.6, 4.4, 8.6],
			"rotation": {"angle": 0, "axis": "y", "origin": [7.5, 5.5, 7.5]},
			"faces": {
				"north": {"uv": [12, 4.66667, 12.66667, 5], "texture": "#3"},
				"east": {"uv": [12, 5.33333, 12.66667, 5.66667], "texture": "#3"},
				"south": {"uv": [12, 6, 12.66667, 6.33333], "texture": "#3"},
				"west": {"uv": [6.66667, 12, 7.33333, 12.33333], "texture": "#3"},
				"up": {"uv": [10.66667, 8.66667, 10, 8], "texture": "#3"},
				"down": {"uv": [9.33333, 10, 8.66667, 10.66667], "texture": "#3"}
			}
		},
		{
			"from": [7.5, 3.5, 7.5],
			"to": [8.5, 5.25, 8.5],
			"rotation": {"angle": 0, "axis": "y", "origin": [7.5, 5.5, 7.5]},
			"faces": {
				"north": {"uv": [7.33333, 1.33333, 8, 2.66667], "texture": "#3"},
				"east": {"uv": [8, 1.33333, 8.66667, 2.66667], "texture": "#3"},
				"south": {"uv": [2, 8, 2.66667, 9.33333], "texture": "#3"},
				"west": {"uv": [2.66667, 8, 3.33333, 9.33333], "texture": "#3"},
				"down": {"uv": [8.66667, 10, 8, 10.66667], "texture": "#3"}
			}
		},
		{
			"from": [7.4, 5.25, 7.4],
			"to": [8.6, 11, 8.6],
			"rotation": {"angle": 0, "axis": "y", "origin": [7.5, 5.25, 7.5]},
			"faces": {
				"north": {"uv": [2, 2.66667, 2.66667, 6.66667], "texture": "#3"},
				"east": {"uv": [2.66667, 2.66667, 3.33333, 6.66667], "texture": "#3"},
				"south": {"uv": [3.33333, 2.66667, 4, 6.66667], "texture": "#3"},
				"west": {"uv": [0, 4, 0.66667, 8], "texture": "#3"},
				"down": {"uv": [11.33333, 6, 10.66667, 6.66667], "texture": "#3"}
			}
		},
		{
			"from": [7.25, 9.75, 8],
			"to": [8.75, 11.75, 10],
			"rotation": {"angle": -45, "axis": "x", "origin": [7.5, 9.75, 8]},
			"faces": {
				"north": {"uv": [6.66667, 4, 7.66667, 5.33333], "texture": "#3"},
				"east": {"uv": [0.66667, 4, 2, 5.33333], "texture": "#3"},
				"south": {"uv": [6.66667, 5.33333, 7.66667, 6.66667], "texture": "#3"},
				"west": {"uv": [0.66667, 5.33333, 2, 6.66667], "texture": "#3"},
				"up": {"uv": [7, 8, 6, 6.66667], "texture": "#3"},
				"down": {"uv": [8.33333, 0, 7.33333, 1.33333], "texture": "#3"}
			}
		},
		{
			"from": [7.5035, 11.3449, 5.21887],
			"to": [8.4965, 12.3449, 6.21887],
			"rotation": {"angle": 22.5, "axis": "x", "origin": [7.5035, 10.8449, 6.21887]},
			"faces": {
				"north": {"uv": [10, 8.66667, 10.66667, 9.33333], "texture": "#3"},
				"east": {"uv": [9.33333, 10, 10, 10.66667], "texture": "#3"},
				"south": {"uv": [10, 9.33333, 10.66667, 10], "texture": "#3"},
				"west": {"uv": [10, 10, 10.66667, 10.66667], "texture": "#3"}
			}
		},
		{
			"from": [7.44, 10.56952, 4.51633],
			"to": [8.56, 11.68952, 6.63633],
			"rotation": {"angle": 0, "axis": "y", "origin": [8, 10.12952, 4.17633]},
			"faces": {
				"north": {"uv": [10.66667, 4.66667, 11.33333, 5.33333], "texture": "#3"},
				"east": {"uv": [3.33333, 8, 4.66667, 8.66667], "texture": "#3"},
				"south": {"uv": [5.33333, 10.66667, 6, 11.33333], "texture": "#3"},
				"west": {"uv": [8, 4, 9.33333, 4.66667], "texture": "#3"},
				"up": {"uv": [5.33333, 9.33333, 4.66667, 8], "texture": "#3"},
				"down": {"uv": [8.66667, 4.66667, 8, 6], "texture": "#3"}
			}
		},
		{
			"from": [7.44, 12.51952, 7.44],
			"to": [8.56, 14.63952, 8.56],
			"rotation": {"angle": 0, "axis": "y", "origin": [8, 13.97952, 8]},
			"faces": {
				"north": {"uv": [5.33333, 8, 6, 9.33333], "texture": "#3"},
				"east": {"uv": [6, 8, 6.66667, 9.33333], "texture": "#3"},
				"south": {"uv": [8, 6, 8.66667, 7.33333], "texture": "#3"},
				"west": {"uv": [6.66667, 8, 7.33333, 9.33333], "texture": "#3"},
				"up": {"uv": [11.33333, 6, 10.66667, 5.33333], "texture": "#3"},
				"down": {"uv": [6.66667, 10.66667, 6, 11.33333], "texture": "#3"}
			}
		},
		{
			"from": [7.502, 12.18662, 5.89934],
			"to": [8.498, 13.18662, 6.89934],
			"rotation": {"angle": 45, "axis": "x", "origin": [8.002, 12.43662, 6.39934]},
			"faces": {
				"north": {"uv": [10.66667, 0, 11.33333, 0.66667], "texture": "#3"},
				"east": {"uv": [0.66667, 10.66667, 1.33333, 11.33333], "texture": "#3"},
				"south": {"uv": [10.66667, 0.66667, 11.33333, 1.33333], "texture": "#3"},
				"west": {"uv": [1.33333, 10.66667, 2, 11.33333], "texture": "#3"},
				"down": {"uv": [11.33333, 1.33333, 10.66667, 2], "texture": "#3"}
			}
		},
		{
			"from": [7.5, 12.45424, 6.74843],
			"to": [8.5, 13.45424, 7.74843],
			"rotation": {"angle": -22.5, "axis": "x", "origin": [8, 12.95424, 6.99843]},
			"faces": {
				"north": {"uv": [10.66667, 2, 11.33333, 2.66667], "texture": "#3"},
				"east": {"uv": [10.66667, 2.66667, 11.33333, 3.33333], "texture": "#3"},
				"west": {"uv": [10.66667, 3.33333, 11.33333, 4], "texture": "#3"},
				"up": {"uv": [11.33333, 4.66667, 10.66667, 4], "texture": "#3"},
				"down": {"uv": [5.33333, 10.66667, 4.66667, 11.33333], "texture": "#3"}
			}
		},
		{
			"from": [7.75, 10.16421, 2.21447],
			"to": [8.25, 12.16421, 6.21447],
			"rotation": {"angle": 0, "axis": "y", "origin": [7.75, 10.16421, 2.21447]},
			"faces": {
				"north": {"uv": [6.66667, 10.66667, 7, 12], "texture": "#3"},
				"east": {"uv": [2, 0, 4.66667, 1.33333], "texture": "#3"},
				"south": {"uv": [10.66667, 6.66667, 11, 8], "texture": "#3"},
				"west": {"uv": [2, 1.33333, 4.66667, 2.66667], "texture": "#3"},
				"up": {"uv": [8.33333, 10, 8, 7.33333], "texture": "#3"},
				"down": {"uv": [9, 0, 8.66667, 2.66667], "texture": "#3"}
			}
		},
		{
			"from": [7.752, 11.32273, 2.44491],
			"to": [8.248, 12.82273, 6.16991],
			"rotation": {"angle": 22.5, "axis": "x", "origin": [8.002, 12.32273, 4.44491]},
			"faces": {
				"north": {"uv": [10.66667, 9.33333, 11, 10.33333], "texture": "#3"},
				"east": {"uv": [4, 2.66667, 6.66667, 3.66667], "texture": "#3"},
				"south": {"uv": [10, 10.66667, 10.33333, 11.66667], "texture": "#3"},
				"west": {"uv": [4, 4, 6.66667, 5], "texture": "#3"},
				"up": {"uv": [3.66667, 11.33333, 3.33333, 8.66667], "texture": "#3"},
				"down": {"uv": [4.33333, 8.66667, 4, 11.33333], "texture": "#3"}
			}
		},
		{
			"from": [7.7535, 12.42871, 1.4956],
			"to": [8.2465, 13.92871, 4.9456],
			"rotation": {"angle": 45, "axis": "x", "origin": [8.0035, 11.42871, 3.4956]},
			"faces": {
				"north": {"uv": [10.66667, 10.66667, 11, 11.66667], "texture": "#3"},
				"east": {"uv": [4.66667, 0, 7.33333, 1], "texture": "#3"},
				"south": {"uv": [0, 11.33333, 0.33333, 12.33333], "texture": "#3"},
				"west": {"uv": [4.66667, 1.33333, 7.33333, 2.33333], "texture": "#3"},
				"up": {"uv": [9, 7.33333, 8.66667, 4.66667], "texture": "#3"},
				"down": {"uv": [7.66667, 8.66667, 7.33333, 11.33333], "texture": "#3"}
			}
		},
		{
			"from": [7.6535, 12.32871, 0.9956],
			"to": [8.3465, 14.02871, 1.4956],
			"rotation": {"angle": 45, "axis": "x", "origin": [8.0035, 11.42871, 3.4956]},
			"faces": {
				"north": {"uv": [11.33333, 2.66667, 11.66667, 3.66667], "texture": "#3"},
				"east": {"uv": [3.33333, 11.33333, 3.66667, 12.33333], "texture": "#3"},
				"south": {"uv": [4, 11.33333, 4.33333, 12.33333], "texture": "#3"},
				"west": {"uv": [11.33333, 4, 11.66667, 5], "texture": "#3"},
				"up": {"uv": [12.33333, 7, 12, 6.66667], "texture": "#3"},
				"down": {"uv": [12.33333, 7.33333, 12, 7.66667], "texture": "#3"}
			}
		},
		{
			"from": [7.6535, 12.10191, 2.01992],
			"to": [8.3465, 13.80191, 2.51992],
			"rotation": {"angle": 22.5, "axis": "x", "origin": [8, 12.95191, 2.26992]},
			"faces": {
				"north": {"uv": [4.66667, 11.33333, 5, 12.33333], "texture": "#3"},
				"east": {"uv": [5.33333, 11.33333, 5.66667, 12.33333], "texture": "#3"},
				"south": {"uv": [11.33333, 5.33333, 11.66667, 6.33333], "texture": "#3"},
				"west": {"uv": [6, 11.33333, 6.33333, 12.33333], "texture": "#3"},
				"up": {"uv": [8.33333, 12.33333, 8, 12], "texture": "#3"},
				"down": {"uv": [12.33333, 8, 12, 8.33333], "texture": "#3"}
			}
		},
		{
			"from": [7.6535, 8.29585, 0.9956],
			"to": [8.3465, 9.99585, 1.4956],
			"rotation": {"angle": -45, "axis": "x", "origin": [8.0035, 10.89585, 3.4956]},
			"faces": {
				"north": {"uv": [11.33333, 10.66667, 11.66667, 11.66667], "texture": "#3"},
				"east": {"uv": [12, 0, 12.33333, 1], "texture": "#3"},
				"south": {"uv": [12, 1.33333, 12.33333, 2.33333], "texture": "#3"},
				"west": {"uv": [2, 12, 2.33333, 13], "texture": "#3"},
				"up": {"uv": [10.33333, 12.33333, 10, 12], "texture": "#3"},
				"down": {"uv": [12.33333, 10, 12, 10.33333], "texture": "#3"}
			}
		},
		{
			"from": [7.6535, 8.52265, 2.01992],
			"to": [8.3465, 10.22265, 2.51992],
			"rotation": {"angle": -22.5, "axis": "x", "origin": [8, 9.37265, 2.26992]},
			"faces": {
				"north": {"uv": [11.33333, 6.66667, 11.66667, 7.66667], "texture": "#3"},
				"east": {"uv": [7.33333, 11.33333, 7.66667, 12.33333], "texture": "#3"},
				"south": {"uv": [11.33333, 8, 11.66667, 9], "texture": "#3"},
				"west": {"uv": [11.33333, 9.33333, 11.66667, 10.33333], "texture": "#3"},
				"up": {"uv": [9.66667, 12.33333, 9.33333, 12], "texture": "#3"},
				"down": {"uv": [12.33333, 9.33333, 12, 9.66667], "texture": "#3"}
			}
		},
		{
			"from": [7.6535, 10.06228, 1.71367],
			"to": [8.3465, 12.26228, 2.21367],
			"rotation": {"angle": 0, "axis": "x", "origin": [8, 11.41228, 1.96367]},
			"faces": {
				"north": {"uv": [8, 10.66667, 8.33333, 12], "texture": "#3"},
				"east": {"uv": [10.66667, 8, 11, 9.33333], "texture": "#3"},
				"south": {"uv": [8.66667, 10.66667, 9, 12], "texture": "#3"},
				"west": {"uv": [9.33333, 10.66667, 9.66667, 12], "texture": "#3"},
				"up": {"uv": [9, 12.33333, 8.66667, 12], "texture": "#3"},
				"down": {"uv": [12.33333, 8.66667, 12, 9], "texture": "#3"}
			}
		},
		{
			"from": [7.752, 9.5057, 2.44491],
			"to": [8.248, 11.0057, 6.14491],
			"rotation": {"angle": -22.5, "axis": "x", "origin": [8.002, 10.0057, 4.44491]},
			"faces": {
				"north": {"uv": [1.33333, 11.33333, 1.66667, 12.33333], "texture": "#3"},
				"east": {"uv": [6.66667, 2.66667, 9.33333, 3.66667], "texture": "#3"},
				"south": {"uv": [11.33333, 1.33333, 11.66667, 2.33333], "texture": "#3"},
				"west": {"uv": [3.33333, 6.66667, 6, 7.66667], "texture": "#3"},
				"up": {"uv": [2.33333, 12, 2, 9.33333], "texture": "#3"},
				"down": {"uv": [3, 9.33333, 2.66667, 12], "texture": "#3"}
			}
		},
		{
			"from": [7.7535, 8.39971, 1.4956],
			"to": [8.2465, 9.89971, 4.9206],
			"rotation": {"angle": -45, "axis": "x", "origin": [8.0035, 10.89971, 3.4956]},
			"faces": {
				"north": {"uv": [11.33333, 0, 11.66667, 1], "texture": "#3"},
				"east": {"uv": [4, 5.33333, 6.66667, 6.33333], "texture": "#3"},
				"south": {"uv": [0.66667, 11.33333, 1, 12.33333], "texture": "#3"},
				"west": {"uv": [0.66667, 6.66667, 3.33333, 7.66667], "texture": "#3"},
				"up": {"uv": [9, 10, 8.66667, 7.33333], "texture": "#3"},
				"down": {"uv": [9.66667, 0, 9.33333, 2.66667], "texture": "#3"}
			}
		},
		{
			"from": [7.6, 9.25, 5.71447],
			"to": [8.4, 12.25, 8.71447],
			"rotation": {"angle": -45, "axis": "x", "origin": [7.5, 9.75, 6.21447]},
			"faces": {
				"north": {"uv": [7.33333, 6.66667, 8, 8.66667], "texture": "#3"},
				"east": {"uv": [0, 0, 2, 2], "texture": "#3"},
				"south": {"uv": [0, 8, 0.66667, 10], "texture": "#3"},
				"west": {"uv": [0, 2, 2, 4], "texture": "#3"},
				"up": {"uv": [1.33333, 10, 0.66667, 8], "texture": "#3"},
				"down": {"uv": [2, 8, 1.33333, 10], "texture": "#3"}
			}
		},
		{
			"from": [7.5035, 11.3449, 9.78113],
			"to": [8.4965, 12.3449, 10.78113],
			"rotation": {"angle": -22.5, "axis": "x", "origin": [7.5035, 10.8449, 9.78113]},
			"faces": {
				"north": {"uv": [10.66667, 9.33333, 10, 10], "texture": "#3"},
				"east": {"uv": [10, 10, 9.33333, 10.66667], "texture": "#3"},
				"south": {"uv": [10.66667, 8.66667, 10, 9.33333], "texture": "#3"},
				"west": {"uv": [10.66667, 10, 10, 10.66667], "texture": "#3"}
			}
		},
		{
			"from": [7.502, 12.18662, 9.10066],
			"to": [8.498, 13.18662, 10.10066],
			"rotation": {"angle": -45, "axis": "x", "origin": [8.002, 12.43662, 9.60066]},
			"faces": {
				"north": {"uv": [11.33333, 0.66667, 10.66667, 1.33333], "texture": "#3"},
				"east": {"uv": [1.33333, 10.66667, 0.66667, 11.33333], "texture": "#3"},
				"south": {"uv": [11.33333, 0, 10.66667, 0.66667], "texture": "#3"},
				"west": {"uv": [2, 10.66667, 1.33333, 11.33333], "texture": "#3"},
				"down": {"uv": [11.33333, 2, 10.66667, 1.33333], "texture": "#3"}
			}
		},
		{
			"from": [7.5, 12.45424, 8.25157],
			"to": [8.5, 13.45424, 9.25157],
			"rotation": {"angle": 22.5, "axis": "x", "origin": [8, 12.95424, 9.00157]},
			"faces": {
				"east": {"uv": [11.33333, 2.66667, 10.66667, 3.33333], "texture": "#3"},
				"south": {"uv": [11.33333, 2, 10.66667, 2.66667], "texture": "#3"},
				"west": {"uv": [11.33333, 3.33333, 10.66667, 4], "texture": "#3"},
				"up": {"uv": [11.33333, 4, 10.66667, 4.66667], "texture": "#3"},
				"down": {"uv": [5.33333, 11.33333, 4.66667, 10.66667], "texture": "#3"}
			}
		},
		{
			"from": [7.44, 10.56952, 9.36367],
			"to": [8.56, 11.68952, 11.48367],
			"rotation": {"angle": 0, "axis": "y", "origin": [8, 10.12952, 11.82367]},
			"faces": {
				"north": {"uv": [6, 10.66667, 5.33333, 11.33333], "texture": "#3"},
				"east": {"uv": [4.66667, 8, 3.33333, 8.66667], "texture": "#3"},
				"south": {"uv": [11.33333, 4.66667, 10.66667, 5.33333], "texture": "#3"},
				"west": {"uv": [9.33333, 4, 8, 4.66667], "texture": "#3"},
				"up": {"uv": [5.33333, 8, 4.66667, 9.33333], "texture": "#3"},
				"down": {"uv": [8.66667, 6, 8, 4.66667], "texture": "#3"}
			}
		},
		{
			"from": [7.75, 10.16421, 9.78553],
			"to": [8.25, 12.16421, 13.78553],
			"rotation": {"angle": 0, "axis": "y", "origin": [7.75, 10.16421, 13.78553]},
			"faces": {
				"north": {"uv": [11, 6.66667, 10.66667, 8], "texture": "#3"},
				"east": {"uv": [4.66667, 0, 2, 1.33333], "texture": "#3"},
				"south": {"uv": [7, 10.66667, 6.66667, 12], "texture": "#3"},
				"west": {"uv": [4.66667, 1.33333, 2, 2.66667], "texture": "#3"},
				"up": {"uv": [8.33333, 7.33333, 8, 10], "texture": "#3"},
				"down": {"uv": [9, 2.66667, 8.66667, 0], "texture": "#3"}
			}
		},
		{
			"from": [7.752, 11.32273, 9.83009],
			"to": [8.248, 12.82273, 13.55509],
			"rotation": {"angle": -22.5, "axis": "x", "origin": [8.002, 12.32273, 11.55509]},
			"faces": {
				"north": {"uv": [10.33333, 10.66667, 10, 11.66667], "texture": "#3"},
				"east": {"uv": [6.66667, 2.66667, 4, 3.66667], "texture": "#3"},
				"south": {"uv": [11, 9.33333, 10.66667, 10.33333], "texture": "#3"},
				"west": {"uv": [6.66667, 4, 4, 5], "texture": "#3"},
				"up": {"uv": [3.66667, 8.66667, 3.33333, 11.33333], "texture": "#3"},
				"down": {"uv": [4.33333, 11.33333, 4, 8.66667], "texture": "#3"}
			}
		},
		{
			"from": [7.7535, 12.42871, 11.0544],
			"to": [8.2465, 13.92871, 14.5044],
			"rotation": {"angle": -45, "axis": "x", "origin": [8.0035, 11.42871, 12.5044]},
			"faces": {
				"north": {"uv": [0.33333, 11.33333, 0, 12.33333], "texture": "#3"},
				"east": {"uv": [7.33333, 0, 4.66667, 1], "texture": "#3"},
				"south": {"uv": [11, 10.66667, 10.66667, 11.66667], "texture": "#3"},
				"west": {"uv": [7.33333, 1.33333, 4.66667, 2.33333], "texture": "#3"},
				"up": {"uv": [9, 4.66667, 8.66667, 7.33333], "texture": "#3"},
				"down": {"uv": [7.66667, 11.33333, 7.33333, 8.66667], "texture": "#3"}
			}
		},
		{
			"from": [7.7535, 8.39971, 11.0794],
			"to": [8.2465, 9.89971, 14.5044],
			"rotation": {"angle": 45, "axis": "x", "origin": [8.0035, 10.89971, 12.5044]},
			"faces": {
				"north": {"uv": [1, 11.33333, 0.66667, 12.33333], "texture": "#3"},
				"east": {"uv": [6.66667, 5.33333, 4, 6.33333], "texture": "#3"},
				"south": {"uv": [11.66667, 0, 11.33333, 1], "texture": "#3"},
				"west": {"uv": [3.33333, 6.66667, 0.66667, 7.66667], "texture": "#3"},
				"up": {"uv": [9, 7.33333, 8.66667, 10], "texture": "#3"},
				"down": {"uv": [9.66667, 2.66667, 9.33333, 0], "texture": "#3"}
			}
		},
		{
			"from": [7.752, 9.5057, 9.85509],
			"to": [8.248, 11.0057, 13.55509],
			"rotation": {"angle": 22.5, "axis": "x", "origin": [8.002, 10.0057, 11.55509]},
			"faces": {
				"north": {"uv": [11.66667, 1.33333, 11.33333, 2.33333], "texture": "#3"},
				"east": {"uv": [9.33333, 2.66667, 6.66667, 3.66667], "texture": "#3"},
				"south": {"uv": [1.66667, 11.33333, 1.33333, 12.33333], "texture": "#3"},
				"west": {"uv": [6, 6.66667, 3.33333, 7.66667], "texture": "#3"},
				"up": {"uv": [2.33333, 9.33333, 2, 12], "texture": "#3"},
				"down": {"uv": [3, 12, 2.66667, 9.33333], "texture": "#3"}
			}
		},
		{
			"from": [7.6, 9.25, 7.28553],
			"to": [8.4, 12.25, 10.28553],
			"rotation": {"angle": 45, "axis": "x", "origin": [7.5, 9.75, 9.78553]},
			"faces": {
				"north": {"uv": [0.66667, 8, 0, 10], "texture": "#3"},
				"east": {"uv": [2, 0, 0, 2], "texture": "#3"},
				"south": {"uv": [8, 6.66667, 7.33333, 8.66667], "texture": "#3"},
				"west": {"uv": [2, 2, 0, 4], "texture": "#3"},
				"up": {"uv": [1.33333, 8, 0.66667, 10], "texture": "#3"},
				"down": {"uv": [2, 10, 1.33333, 8], "texture": "#3"}
			}
		},
		{
			"from": [7.6535, 12.32871, 14.5044],
			"to": [8.3465, 14.02871, 15.0044],
			"rotation": {"angle": -45, "axis": "x", "origin": [8.0035, 11.42871, 12.5044]},
			"faces": {
				"north": {"uv": [4.33333, 11.33333, 4, 12.33333], "texture": "#3"},
				"east": {"uv": [3.66667, 11.33333, 3.33333, 12.33333], "texture": "#3"},
				"south": {"uv": [11.66667, 2.66667, 11.33333, 3.66667], "texture": "#3"},
				"west": {"uv": [11.66667, 4, 11.33333, 5], "texture": "#3"},
				"up": {"uv": [12.33333, 6.66667, 12, 7], "texture": "#3"},
				"down": {"uv": [12.33333, 7.66667, 12, 7.33333], "texture": "#3"}
			}
		},
		{
			"from": [7.6535, 12.10191, 13.48008],
			"to": [8.3465, 13.80191, 13.98008],
			"rotation": {"angle": -22.5, "axis": "x", "origin": [8, 12.95191, 13.73008]},
			"faces": {
				"north": {"uv": [11.66667, 5.33333, 11.33333, 6.33333], "texture": "#3"},
				"east": {"uv": [5.66667, 11.33333, 5.33333, 12.33333], "texture": "#3"},
				"south": {"uv": [5, 11.33333, 4.66667, 12.33333], "texture": "#3"},
				"west": {"uv": [6.33333, 11.33333, 6, 12.33333], "texture": "#3"},
				"up": {"uv": [8.33333, 12, 8, 12.33333], "texture": "#3"},
				"down": {"uv": [12.33333, 8.33333, 12, 8], "texture": "#3"}
			}
		},
		{
			"from": [7.6535, 10.06228, 13.78633],
			"to": [8.3465, 12.26228, 14.28633],
			"rotation": {"angle": 0, "axis": "x", "origin": [8, 11.41228, 14.03633]},
			"faces": {
				"north": {"uv": [9, 10.66667, 8.66667, 12], "texture": "#3"},
				"east": {"uv": [11, 8, 10.66667, 9.33333], "texture": "#3"},
				"south": {"uv": [8.33333, 10.66667, 8, 12], "texture": "#3"},
				"west": {"uv": [9.66667, 10.66667, 9.33333, 12], "texture": "#3"},
				"up": {"uv": [9, 12, 8.66667, 12.33333], "texture": "#3"},
				"down": {"uv": [12.33333, 9, 12, 8.66667], "texture": "#3"}
			}
		},
		{
			"from": [7.6535, 8.52265, 13.48008],
			"to": [8.3465, 10.22265, 13.98008],
			"rotation": {"angle": 22.5, "axis": "x", "origin": [8, 9.37265, 13.73008]},
			"faces": {
				"north": {"uv": [11.66667, 8, 11.33333, 9], "texture": "#3"},
				"east": {"uv": [7.66667, 11.33333, 7.33333, 12.33333], "texture": "#3"},
				"south": {"uv": [11.66667, 6.66667, 11.33333, 7.66667], "texture": "#3"},
				"west": {"uv": [11.66667, 9.33333, 11.33333, 10.33333], "texture": "#3"},
				"up": {"uv": [9.66667, 12, 9.33333, 12.33333], "texture": "#3"},
				"down": {"uv": [12.33333, 9.66667, 12, 9.33333], "texture": "#3"}
			}
		},
		{
			"from": [7.6535, 8.29585, 14.5044],
			"to": [8.3465, 9.99585, 15.0044],
			"rotation": {"angle": 45, "axis": "x", "origin": [8.0035, 10.89585, 12.5044]},
			"faces": {
				"north": {"uv": [12.33333, 1.33333, 12, 2.33333], "texture": "#3"},
				"east": {"uv": [12.33333, 0, 12, 1], "texture": "#3"},
				"south": {"uv": [11.66667, 10.66667, 11.33333, 11.66667], "texture": "#3"},
				"west": {"uv": [2.33333, 12, 2, 13], "texture": "#3"},
				"up": {"uv": [10.33333, 12, 10, 12.33333], "texture": "#3"},
				"down": {"uv": [12.33333, 10.33333, 12, 10], "texture": "#3"}
			}
		}
	],
	"gui_light": "front",
	"display": {
		"thirdperson_righthand": {
			"translation": [0, 3, 1]
		},
		"thirdperson_lefthand": {
			"translation": [0, 3, 1]
		},
		"firstperson_righthand": {
			"rotation": [-10, 0, 0],
			"translation": [0, 4.5, 0]
		},
		"firstperson_lefthand": {
			"rotation": [-10, 0, 0],
			"translation": [0, 4.5, 0]
		},
		"ground": {
			"rotation": [45, 0, 0],
			"translation": [0, 6.75, 0]
		},
		"gui": {
			"rotation": [90, -45, 90],
			"translation": [0.5, -0.75, 0],
			"scale": [0.79883, 0.79883, 0.79883]
		},
		"head": {
			"rotation": [0, 90, 0]
		},
		"fixed": {
			"rotation": [0, -90, 0],
			"translation": [0, 1.5, -1.5],
			"scale": [2.5, 2.5, 2.5]
		}
	}
}