{
	"credit": "Made by PolygonMC",
	"textures": {
		"2": "shadowsteelset/hoe"
	},
	"elements": [
		{
			"from": [7.5, 0.5, 7.5],
			"to": [8.5, 2, 8.5],
			"rotation": {"angle": 0, "axis": "y", "origin": [7.5, 0, 7.5]},
			"faces": {
				"north": {"uv": [11, 6, 12, 7.5], "texture": "#2"},
				"east": {"uv": [7, 11, 8, 12.5], "texture": "#2"},
				"south": {"uv": [8, 11, 9, 12.5], "texture": "#2"},
				"west": {"uv": [9, 11, 10, 12.5], "texture": "#2"},
				"up": {"uv": [13, 10, 12, 9], "texture": "#2"}
			}
		},
		{
			"from": [7.6, 2, 7.6],
			"to": [8.4, 3.5, 8.4],
			"rotation": {"angle": 0, "axis": "y", "origin": [7.5, 2, 7.5]},
			"faces": {
				"north": {"uv": [10, 11, 11, 12.5], "texture": "#2"},
				"east": {"uv": [11, 11, 12, 12.5], "texture": "#2"},
				"south": {"uv": [0, 12, 1, 13.5], "texture": "#2"},
				"west": {"uv": [12, 0, 13, 1.5], "texture": "#2"}
			}
		},
		{
			"from": [7.405, -0.345, 7.405],
			"to": [8.595, 0.845, 8.595],
			"rotation": {"angle": -45, "axis": "x", "origin": [8, 0.25, 8]},
			"faces": {
				"north": {"uv": [12, 10, 13, 11], "texture": "#2"},
				"east": {"uv": [12, 11, 13, 12], "texture": "#2"},
				"south": {"uv": [12, 12, 13, 13], "texture": "#2"},
				"west": {"uv": [13, 0, 14, 1], "texture": "#2"},
				"up": {"uv": [2, 14, 1, 13], "texture": "#2"},
				"down": {"uv": [14, 1, 13, 2], "texture": "#2"}
			}
		},
		{
			"from": [7.155, -0.195, 7.555],
			"to": [8.845, 0.695, 8.445],
			"rotation": {"angle": -45, "axis": "x", "origin": [8, 0.25, 8]},
			"faces": {
				"north": {"uv": [11, 8, 12.5, 9], "texture": "#2"},
				"east": {"uv": [2, 13, 3, 14], "texture": "#2"},
				"south": {"uv": [12, 2, 13.5, 3], "texture": "#2"},
				"west": {"uv": [3, 13, 4, 14], "texture": "#2"},
				"up": {"uv": [13.5, 4, 12, 3], "texture": "#2"},
				"down": {"uv": [13.5, 4, 12, 5], "texture": "#2"}
			}
		},
		{
			"from": [7.4, 1, 7.4],
			"to": [8.6, 1.5, 8.6],
			"rotation": {"angle": 0, "axis": "y", "origin": [7.5, 0, 7.5]},
			"faces": {
				"north": {"uv": [15, 0, 16, 0.5], "texture": "#2"},
				"east": {"uv": [1, 15, 2, 15.5], "texture": "#2"},
				"south": {"uv": [15, 1, 16, 1.5], "texture": "#2"},
				"west": {"uv": [2, 15, 3, 15.5], "texture": "#2"},
				"up": {"uv": [5, 14, 4, 13], "texture": "#2"},
				"down": {"uv": [6, 13, 5, 14], "texture": "#2"}
			}
		},
		{
			"from": [7.4, 3.9, 7.4],
			"to": [8.6, 4.4, 8.6],
			"rotation": {"angle": 0, "axis": "y", "origin": [7.5, 5.5, 7.5]},
			"faces": {
				"north": {"uv": [15, 2, 16, 2.5], "texture": "#2"},
				"east": {"uv": [3, 15, 4, 15.5], "texture": "#2"},
				"south": {"uv": [4, 15, 5, 15.5], "texture": "#2"},
				"west": {"uv": [15, 4, 16, 4.5], "texture": "#2"},
				"up": {"uv": [14, 6, 13, 5], "texture": "#2"},
				"down": {"uv": [14, 6, 13, 7], "texture": "#2"}
			}
		},
		{
			"from": [7.5, 3.5, 7.5],
			"to": [8.5, 5.25, 8.5],
			"rotation": {"angle": 0, "axis": "y", "origin": [7.5, 5.5, 7.5]},
			"faces": {
				"north": {"uv": [8, 3, 9, 5], "texture": "#2"},
				"east": {"uv": [4, 8, 5, 10], "texture": "#2"},
				"south": {"uv": [5, 8, 6, 10], "texture": "#2"},
				"west": {"uv": [8, 5, 9, 7], "texture": "#2"},
				"down": {"uv": [8, 13, 7, 14], "texture": "#2"}
			}
		},
		{
			"from": [7.4, 5.25, 7.4],
			"to": [8.6, 11, 8.6],
			"rotation": {"angle": 0, "axis": "y", "origin": [7.5, 5.25, 7.5]},
			"faces": {
				"north": {"uv": [3, 0, 4, 6], "texture": "#2"},
				"east": {"uv": [4, 0, 5, 6], "texture": "#2"},
				"south": {"uv": [5, 0, 6, 6], "texture": "#2"},
				"west": {"uv": [0, 6, 1, 12], "texture": "#2"},
				"down": {"uv": [14, 7, 13, 8], "texture": "#2"}
			}
		},
		{
			"from": [7.25, 9.75, 8],
			"to": [8.75, 11.75, 10],
			"rotation": {"angle": -45, "axis": "x", "origin": [7.5, 9.75, 8]},
			"faces": {
				"north": {"uv": [6, 2, 7.5, 4], "texture": "#2"},
				"east": {"uv": [6, 0, 8, 2], "texture": "#2"},
				"south": {"uv": [3, 6, 4.5, 8], "texture": "#2"},
				"west": {"uv": [1, 6, 3, 8], "texture": "#2"},
				"up": {"uv": [7.5, 6, 6, 4], "texture": "#2"},
				"down": {"uv": [6.5, 6, 5, 8], "texture": "#2"}
			}
		},
		{
			"from": [7.5035, 11.3449, 5.21887],
			"to": [8.4965, 12.3449, 6.21887],
			"rotation": {"angle": 22.5, "axis": "x", "origin": [7.5035, 10.8449, 6.21887]},
			"faces": {
				"north": {"uv": [8, 13, 9, 14], "texture": "#2"},
				"east": {"uv": [13, 8, 14, 9], "texture": "#2"},
				"south": {"uv": [9, 13, 10, 14], "texture": "#2"},
				"west": {"uv": [13, 9, 14, 10], "texture": "#2"}
			}
		},
		{
			"from": [7.44, 10.56952, 4.51633],
			"to": [8.56, 11.68952, 6.63633],
			"rotation": {"angle": 0, "axis": "y", "origin": [8, 10.12952, 4.17633]},
			"faces": {
				"north": {"uv": [10, 13, 11, 14], "texture": "#2"},
				"east": {"uv": [8, 7, 10, 8], "texture": "#2"},
				"south": {"uv": [13, 10, 14, 11], "texture": "#2"},
				"west": {"uv": [8, 8, 10, 9], "texture": "#2"},
				"up": {"uv": [7, 10, 6, 8], "texture": "#2"},
				"down": {"uv": [10, 0, 9, 2], "texture": "#2"}
			}
		},
		{
			"from": [7.44, 12.51952, 7.44],
			"to": [8.56, 14.63952, 8.56],
			"rotation": {"angle": 0, "axis": "y", "origin": [8, 13.97952, 8]},
			"faces": {
				"north": {"uv": [9, 2, 10, 4], "texture": "#2"},
				"east": {"uv": [9, 4, 10, 6], "texture": "#2"},
				"south": {"uv": [7, 9, 8, 11], "texture": "#2"},
				"west": {"uv": [8, 9, 9, 11], "texture": "#2"},
				"up": {"uv": [12, 14, 11, 13], "texture": "#2"},
				"down": {"uv": [14, 11, 13, 12], "texture": "#2"}
			}
		},
		{
			"from": [7.502, 12.18662, 5.89934],
			"to": [8.498, 13.18662, 6.89934],
			"rotation": {"angle": 45, "axis": "x", "origin": [8.002, 12.43662, 6.39934]},
			"faces": {
				"north": {"uv": [12, 13, 13, 14], "texture": "#2"},
				"east": {"uv": [13, 12, 14, 13], "texture": "#2"},
				"south": {"uv": [13, 13, 14, 14], "texture": "#2"},
				"west": {"uv": [0, 14, 1, 15], "texture": "#2"},
				"down": {"uv": [15, 0, 14, 1], "texture": "#2"}
			}
		},
		{
			"from": [7.5, 12.45424, 6.74843],
			"to": [8.5, 13.45424, 7.74843],
			"rotation": {"angle": -22.5, "axis": "x", "origin": [8, 12.95424, 6.99843]},
			"faces": {
				"north": {"uv": [1, 14, 2, 15], "texture": "#2"},
				"east": {"uv": [14, 1, 15, 2], "texture": "#2"},
				"west": {"uv": [2, 14, 3, 15], "texture": "#2"},
				"up": {"uv": [15, 3, 14, 2], "texture": "#2"},
				"down": {"uv": [4, 14, 3, 15], "texture": "#2"}
			}
		},
		{
			"from": [7.5, 12.45424, 8.25157],
			"to": [8.5, 13.45424, 9.25157],
			"rotation": {"angle": 22.5, "axis": "x", "origin": [8, 12.95424, 9.00157]},
			"faces": {
				"east": {"uv": [15, 1, 14, 2], "texture": "#2"},
				"south": {"uv": [2, 14, 1, 15], "texture": "#2"},
				"west": {"uv": [3, 14, 2, 15], "texture": "#2"},
				"up": {"uv": [15, 2, 14, 3], "texture": "#2"},
				"down": {"uv": [4, 15, 3, 14], "texture": "#2"}
			}
		},
		{
			"from": [7.502, 12.18662, 9.10066],
			"to": [8.498, 13.18662, 10.10066],
			"rotation": {"angle": -45, "axis": "x", "origin": [8.002, 12.43662, 9.60066]},
			"faces": {
				"north": {"uv": [14, 13, 13, 14], "texture": "#2"},
				"east": {"uv": [14, 12, 13, 13], "texture": "#2"},
				"south": {"uv": [13, 13, 12, 14], "texture": "#2"},
				"west": {"uv": [1, 14, 0, 15], "texture": "#2"},
				"down": {"uv": [15, 1, 14, 0], "texture": "#2"}
			}
		},
		{
			"from": [7.5035, 11.3449, 9.78113],
			"to": [8.4965, 12.3449, 10.78113],
			"rotation": {"angle": -22.5, "axis": "x", "origin": [7.5035, 10.8449, 9.78113]},
			"faces": {
				"north": {"uv": [10, 13, 9, 14], "texture": "#2"},
				"east": {"uv": [14, 8, 13, 9], "texture": "#2"},
				"south": {"uv": [9, 13, 8, 14], "texture": "#2"},
				"west": {"uv": [14, 9, 13, 10], "texture": "#2"}
			}
		},
		{
			"from": [7.44, 10.56952, 9.36367],
			"to": [8.56, 11.68952, 11.48367],
			"rotation": {"angle": 0, "axis": "y", "origin": [8, 10.12952, 11.82367]},
			"faces": {
				"north": {"uv": [14, 10, 13, 11], "texture": "#2"},
				"east": {"uv": [10, 7, 8, 8], "texture": "#2"},
				"south": {"uv": [11, 13, 10, 14], "texture": "#2"},
				"west": {"uv": [10, 8, 8, 9], "texture": "#2"},
				"up": {"uv": [7, 8, 6, 10], "texture": "#2"},
				"down": {"uv": [10, 2, 9, 0], "texture": "#2"}
			}
		},
		{
			"from": [7.6, 10.53921, 5.53947],
			"to": [8.4, 13.53921, 8.53947],
			"rotation": {"angle": -22.5, "axis": "x", "origin": [8, 10.68921, 6.36447]},
			"faces": {
				"north": {"uv": [7, 6, 8, 9], "texture": "#2"},
				"east": {"uv": [0, 0, 3, 3], "texture": "#2"},
				"south": {"uv": [8, 0, 9, 3], "texture": "#2"},
				"west": {"uv": [0, 3, 3, 6], "texture": "#2"},
				"up": {"uv": [2, 11, 1, 8], "texture": "#2"}
			}
		},
		{
			"from": [7.5, 11.77925, 2.8552],
			"to": [8.5, 12.27925, 4.8552],
			"rotation": {"angle": -22.5, "axis": "x", "origin": [7.5, 11.77925, 2.8552]},
			"faces": {
				"east": {"uv": [14, 3, 16, 3.5], "texture": "#2"},
				"south": {"uv": [5, 15, 6, 15.5], "texture": "#2"},
				"west": {"uv": [4, 14, 6, 14.5], "texture": "#2"},
				"up": {"uv": [10, 11, 9, 9], "texture": "#2"},
				"down": {"uv": [11, 0, 10, 2], "texture": "#2"}
			}
		},
		{
			"from": [7.5, 11.10731, 1.13353],
			"to": [8.5, 11.60731, 3.13353],
			"rotation": {"angle": -45, "axis": "x", "origin": [8, 11.35731, 2.13353]},
			"faces": {
				"east": {"uv": [10, 14, 12, 14.5], "texture": "#2"},
				"west": {"uv": [14, 10, 16, 10.5], "texture": "#2"},
				"up": {"uv": [7, 12, 6, 10], "texture": "#2"},
				"down": {"uv": [11, 7, 10, 9], "texture": "#2"}
			}
		},
		{
			"from": [7.5, 8.35743, 0.84794],
			"to": [8.5, 10.80743, 1.34794],
			"rotation": {"angle": 22.5, "axis": "x", "origin": [8, 9.80743, 1.09794]},
			"faces": {
				"north": {"uv": [2, 8, 3, 10.5], "texture": "#2"},
				"east": {"uv": [12, 5, 12.5, 7.5], "texture": "#2"},
				"south": {"uv": [3, 8, 4, 10.5], "texture": "#2"},
				"west": {"uv": [6, 12, 6.5, 14.5], "texture": "#2"},
				"down": {"uv": [7, 15, 6, 15.5], "texture": "#2"}
			}
		},
		{
			"from": [7.75, 10.77925, 2.8552],
			"to": [8.25, 11.77925, 4.8552],
			"rotation": {"angle": -22.5, "axis": "x", "origin": [7.5, 11.77925, 2.8552]},
			"faces": {
				"north": {"uv": [15, 5, 15.5, 6], "texture": "#2"},
				"east": {"uv": [9, 6, 11, 7], "texture": "#2"},
				"west": {"uv": [10, 2, 12, 3], "texture": "#2"},
				"down": {"uv": [14.5, 4, 14, 6], "texture": "#2"}
			}
		},
		{
			"from": [7.5, 11.67925, 8.6052],
			"to": [8.5, 12.17925, 10.6052],
			"rotation": {"angle": -22.5, "axis": "x", "origin": [7.5, 11.67925, 2.6052]},
			"faces": {
				"east": {"uv": [12, 14, 14, 14.5], "texture": "#2"},
				"south": {"uv": [15, 7, 16, 7.5], "texture": "#2"},
				"west": {"uv": [14, 13, 16, 13.5], "texture": "#2"},
				"up": {"uv": [12, 2, 11, 0], "texture": "#2"},
				"down": {"uv": [2, 11, 1, 13], "texture": "#2"}
			}
		},
		{
			"from": [7.75, 10.67925, 8.6052],
			"to": [8.25, 11.67925, 10.6052],
			"rotation": {"angle": -22.5, "axis": "x", "origin": [7.5, 11.67925, 2.6052]},
			"faces": {
				"north": {"uv": [15, 6, 15.5, 7], "texture": "#2"},
				"east": {"uv": [10, 9, 12, 10], "texture": "#2"},
				"west": {"uv": [10, 10, 12, 11], "texture": "#2"},
				"down": {"uv": [14.5, 11, 14, 13], "texture": "#2"}
			}
		},
		{
			"from": [7.752, 10.85425, 0.8552],
			"to": [8.248, 11.77925, 2.8552],
			"rotation": {"angle": -45, "axis": "x", "origin": [7.502, 11.77925, 2.8552]},
			"faces": {
				"east": {"uv": [10, 3, 12, 4], "texture": "#2"},
				"west": {"uv": [4, 10, 6, 11], "texture": "#2"},
				"down": {"uv": [14.5, 6, 14, 8], "texture": "#2"}
			}
		},
		{
			"from": [7.752, 10.85425, -1.1448],
			"to": [8.248, 11.77925, 0.8552],
			"rotation": {"angle": -45, "axis": "x", "origin": [7.502, 11.77925, 2.8552]},
			"faces": {
				"east": {"uv": [10, 4, 12, 5], "texture": "#2"},
				"west": {"uv": [10, 5, 12, 6], "texture": "#2"},
				"down": {"uv": [9.5, 14, 9, 16], "texture": "#2"}
			}
		},
		{
			"from": [7.75, 8.24981, 1.02025],
			"to": [8.25, 10.24981, 1.52025],
			"rotation": {"angle": 22.5, "axis": "x", "origin": [8, 9.24981, 1.52025]},
			"faces": {
				"east": {"uv": [7, 14, 7.5, 16], "texture": "#2"},
				"south": {"uv": [8, 14, 8.5, 16], "texture": "#2"},
				"west": {"uv": [14, 8, 14.5, 10], "texture": "#2"},
				"up": {"uv": [15.5, 8.5, 15, 8], "texture": "#2"},
				"down": {"uv": [15.5, 9, 15, 9.5], "texture": "#2"}
			}
		},
		{
			"from": [7.44, 12.96762, 9.37051],
			"to": [8.56, 15.08762, 10.49051],
			"rotation": {"angle": 22.5, "axis": "x", "origin": [8, 14.07762, 9.90551]},
			"faces": {
				"north": {"uv": [2, 11, 3, 13], "texture": "#2"},
				"east": {"uv": [3, 11, 4, 13], "texture": "#2"},
				"south": {"uv": [4, 11, 5, 13], "texture": "#2"},
				"west": {"uv": [5, 11, 6, 13], "texture": "#2"},
				"up": {"uv": [15, 15, 14, 14], "texture": "#2"},
				"down": {"uv": [1, 15, 0, 16], "texture": "#2"}
			}
		}
	],
	"gui_light": "front",
	"display": {
		"thirdperson_righthand": {
			"translation": [0, 3, 1]
		},
		"thirdperson_lefthand": {
			"translation": [0, 3, 1]
		},
		"firstperson_righthand": {
			"rotation": [-10, 0, 0],
			"translation": [0, 4.5, 0]
		},
		"firstperson_lefthand": {
			"rotation": [-10, 0, 0],
			"translation": [0, 4.5, 0]
		},
		"ground": {
			"rotation": [-45, 0, 0],
			"translation": [0, 6.75, 0]
		},
		"gui": {
			"rotation": [-90, 45, 90],
			"translation": [0.25, -0.25, 0],
			"scale": [0.79883, 0.79883, 0.79883]
		},
		"head": {
			"rotation": [0, -90, 0]
		},
		"fixed": {
			"rotation": [0, -90, 0],
			"translation": [0, 1.5, -1.5],
			"scale": [2.5, 2.5, 2.5]
		}
	}
}