{
	"credit": "Made by PolygonMC",
	"textures": {
		"1": "shadowsteelset/pickaxe",
		"particle": "shadowsteelset/pickaxe"
	},
	"elements": [
		{
			"from": [7.5, 0.5, 7.5],
			"to": [8.5, 2, 8.5],
			"rotation": {"angle": 0, "axis": "y", "origin": [7.5, 0, 7.5]},
			"faces": {
				"north": {"uv": [10, 9, 11, 10.5], "texture": "#1"},
				"east": {"uv": [11, 0, 12, 1.5], "texture": "#1"},
				"south": {"uv": [1, 11, 2, 12.5], "texture": "#1"},
				"west": {"uv": [2, 11, 3, 12.5], "texture": "#1"},
				"up": {"uv": [13, 1, 12, 0], "texture": "#1"}
			}
		},
		{
			"from": [7.6, 2, 7.6],
			"to": [8.4, 3.5, 8.4],
			"rotation": {"angle": 0, "axis": "y", "origin": [7.5, 2, 7.5]},
			"faces": {
				"north": {"uv": [3, 11, 4, 12.5], "texture": "#1"},
				"east": {"uv": [4, 11, 5, 12.5], "texture": "#1"},
				"south": {"uv": [5, 11, 6, 12.5], "texture": "#1"},
				"west": {"uv": [11, 6, 12, 7.5], "texture": "#1"}
			}
		},
		{
			"from": [7.405, -0.345, 7.405],
			"to": [8.595, 0.845, 8.595],
			"rotation": {"angle": -45, "axis": "x", "origin": [8, 0.25, 8]},
			"faces": {
				"north": {"uv": [12, 1, 13, 2], "texture": "#1"},
				"east": {"uv": [12, 2, 13, 3], "texture": "#1"},
				"south": {"uv": [12, 3, 13, 4], "texture": "#1"},
				"west": {"uv": [12, 4, 13, 5], "texture": "#1"},
				"up": {"uv": [13, 6, 12, 5], "texture": "#1"},
				"down": {"uv": [7, 12, 6, 13], "texture": "#1"}
			}
		},
		{
			"from": [7.155, -0.195, 7.555],
			"to": [8.845, 0.695, 8.445],
			"rotation": {"angle": -45, "axis": "x", "origin": [8, 0.25, 8]},
			"faces": {
				"north": {"uv": [7, 11, 8.5, 12], "texture": "#1"},
				"east": {"uv": [12, 6, 13, 7], "texture": "#1"},
				"south": {"uv": [11, 8, 12.5, 9], "texture": "#1"},
				"west": {"uv": [7, 12, 8, 13], "texture": "#1"},
				"up": {"uv": [10.5, 12, 9, 11], "texture": "#1"},
				"down": {"uv": [12.5, 9, 11, 10], "texture": "#1"}
			}
		},
		{
			"from": [7.4, 1, 7.4],
			"to": [8.6, 1.5, 8.6],
			"rotation": {"angle": 0, "axis": "y", "origin": [7.5, 0, 7.5]},
			"faces": {
				"north": {"uv": [14, 3, 15, 3.5], "texture": "#1"},
				"east": {"uv": [4, 14, 5, 14.5], "texture": "#1"},
				"south": {"uv": [14, 4, 15, 4.5], "texture": "#1"},
				"west": {"uv": [5, 14, 6, 14.5], "texture": "#1"},
				"up": {"uv": [13, 8, 12, 7], "texture": "#1"},
				"down": {"uv": [9, 12, 8, 13], "texture": "#1"}
			}
		},
		{
			"from": [7.4, 3.9, 7.4],
			"to": [8.6, 4.4, 8.6],
			"rotation": {"angle": 0, "axis": "y", "origin": [7.5, 5.5, 7.5]},
			"faces": {
				"north": {"uv": [14, 5, 15, 5.5], "texture": "#1"},
				"east": {"uv": [6, 14, 7, 14.5], "texture": "#1"},
				"south": {"uv": [14, 6, 15, 6.5], "texture": "#1"},
				"west": {"uv": [7, 14, 8, 14.5], "texture": "#1"},
				"up": {"uv": [10, 13, 9, 12], "texture": "#1"},
				"down": {"uv": [11, 12, 10, 13], "texture": "#1"}
			}
		},
		{
			"from": [7.5, 3.5, 7.5],
			"to": [8.5, 5.25, 8.5],
			"rotation": {"angle": 0, "axis": "y", "origin": [7.5, 5.5, 7.5]},
			"faces": {
				"north": {"uv": [8, 3, 9, 5], "texture": "#1"},
				"east": {"uv": [4, 8, 5, 10], "texture": "#1"},
				"south": {"uv": [5, 8, 6, 10], "texture": "#1"},
				"west": {"uv": [8, 5, 9, 7], "texture": "#1"},
				"down": {"uv": [13, 10, 12, 11], "texture": "#1"}
			}
		},
		{
			"from": [7.4, 5.25, 7.4],
			"to": [8.6, 11, 8.6],
			"rotation": {"angle": 0, "axis": "y", "origin": [7.5, 5.25, 7.5]},
			"faces": {
				"north": {"uv": [3, 0, 4, 6], "texture": "#1"},
				"east": {"uv": [4, 0, 5, 6], "texture": "#1"},
				"south": {"uv": [5, 0, 6, 6], "texture": "#1"},
				"west": {"uv": [0, 6, 1, 12], "texture": "#1"},
				"down": {"uv": [13, 11, 12, 12], "texture": "#1"}
			}
		},
		{
			"from": [7.25, 9.75, 8],
			"to": [8.75, 11.75, 10],
			"rotation": {"angle": -45, "axis": "x", "origin": [7.5, 9.75, 8]},
			"faces": {
				"north": {"uv": [6, 2, 7.5, 4], "texture": "#1"},
				"east": {"uv": [6, 0, 8, 2], "texture": "#1"},
				"south": {"uv": [3, 6, 4.5, 8], "texture": "#1"},
				"west": {"uv": [1, 6, 3, 8], "texture": "#1"},
				"up": {"uv": [7.5, 6, 6, 4], "texture": "#1"},
				"down": {"uv": [6.5, 6, 5, 8], "texture": "#1"}
			}
		},
		{
			"from": [7.5035, 11.3449, 5.21887],
			"to": [8.4965, 12.3449, 6.21887],
			"rotation": {"angle": 22.5, "axis": "x", "origin": [7.5035, 10.8449, 6.21887]},
			"faces": {
				"north": {"uv": [12, 12, 13, 13], "texture": "#1"},
				"east": {"uv": [13, 0, 14, 1], "texture": "#1"},
				"south": {"uv": [1, 13, 2, 14], "texture": "#1"},
				"west": {"uv": [13, 1, 14, 2], "texture": "#1"}
			}
		},
		{
			"from": [7.44, 10.56952, 4.51633],
			"to": [8.56, 11.68952, 6.63633],
			"rotation": {"angle": 0, "axis": "y", "origin": [8, 10.12952, 4.17633]},
			"faces": {
				"north": {"uv": [2, 13, 3, 14], "texture": "#1"},
				"east": {"uv": [8, 7, 10, 8], "texture": "#1"},
				"south": {"uv": [13, 2, 14, 3], "texture": "#1"},
				"west": {"uv": [8, 8, 10, 9], "texture": "#1"},
				"up": {"uv": [7, 10, 6, 8], "texture": "#1"},
				"down": {"uv": [10, 0, 9, 2], "texture": "#1"}
			}
		},
		{
			"from": [7.44, 12.51952, 7.44],
			"to": [8.56, 14.63952, 8.56],
			"rotation": {"angle": 0, "axis": "y", "origin": [8, 13.97952, 8]},
			"faces": {
				"north": {"uv": [9, 2, 10, 4], "texture": "#1"},
				"east": {"uv": [9, 4, 10, 6], "texture": "#1"},
				"south": {"uv": [7, 9, 8, 11], "texture": "#1"},
				"west": {"uv": [8, 9, 9, 11], "texture": "#1"},
				"up": {"uv": [4, 14, 3, 13], "texture": "#1"},
				"down": {"uv": [14, 3, 13, 4], "texture": "#1"}
			}
		},
		{
			"from": [7.502, 12.18662, 5.89934],
			"to": [8.498, 13.18662, 6.89934],
			"rotation": {"angle": 45, "axis": "x", "origin": [8.002, 12.43662, 6.39934]},
			"faces": {
				"north": {"uv": [4, 13, 5, 14], "texture": "#1"},
				"east": {"uv": [13, 4, 14, 5], "texture": "#1"},
				"south": {"uv": [5, 13, 6, 14], "texture": "#1"},
				"west": {"uv": [13, 5, 14, 6], "texture": "#1"},
				"down": {"uv": [7, 13, 6, 14], "texture": "#1"}
			}
		},
		{
			"from": [7.5, 12.45424, 6.74843],
			"to": [8.5, 13.45424, 7.74843],
			"rotation": {"angle": -22.5, "axis": "x", "origin": [8, 12.95424, 6.99843]},
			"faces": {
				"north": {"uv": [13, 6, 14, 7], "texture": "#1"},
				"east": {"uv": [7, 13, 8, 14], "texture": "#1"},
				"west": {"uv": [13, 7, 14, 8], "texture": "#1"},
				"up": {"uv": [9, 14, 8, 13], "texture": "#1"},
				"down": {"uv": [14, 8, 13, 9], "texture": "#1"}
			}
		},
		{
			"from": [7.6, 10.53921, 5.53947],
			"to": [8.4, 13.53921, 8.53947],
			"rotation": {"angle": -22.5, "axis": "x", "origin": [8, 10.68921, 6.36447]},
			"faces": {
				"north": {"uv": [7, 6, 8, 9], "texture": "#1"},
				"east": {"uv": [0, 0, 3, 3], "texture": "#1"},
				"south": {"uv": [8, 0, 9, 3], "texture": "#1"},
				"west": {"uv": [0, 3, 3, 6], "texture": "#1"},
				"up": {"uv": [2, 11, 1, 8], "texture": "#1"}
			}
		},
		{
			"from": [7.5, 11.77925, 2.8552],
			"to": [8.5, 12.27925, 4.8552],
			"rotation": {"angle": -22.5, "axis": "x", "origin": [7.5, 11.77925, 2.8552]},
			"faces": {
				"east": {"uv": [9, 13, 11, 13.5], "texture": "#1"},
				"south": {"uv": [14, 7, 15, 7.5], "texture": "#1"},
				"west": {"uv": [13, 9, 15, 9.5], "texture": "#1"},
				"up": {"uv": [10, 11, 9, 9], "texture": "#1"},
				"down": {"uv": [11, 0, 10, 2], "texture": "#1"}
			}
		},
		{
			"from": [7.5, 11.10731, 1.13353],
			"to": [8.5, 11.60731, 3.13353],
			"rotation": {"angle": -45, "axis": "x", "origin": [8, 11.35731, 2.13353]},
			"faces": {
				"east": {"uv": [2, 14, 4, 14.5], "texture": "#1"},
				"west": {"uv": [14, 2, 16, 2.5], "texture": "#1"},
				"up": {"uv": [7, 12, 6, 10], "texture": "#1"},
				"down": {"uv": [11, 7, 10, 9], "texture": "#1"}
			}
		},
		{
			"from": [7.5, 8.35743, 0.84794],
			"to": [8.5, 10.80743, 1.34794],
			"rotation": {"angle": 22.5, "axis": "x", "origin": [8, 9.80743, 1.09794]},
			"faces": {
				"north": {"uv": [2, 8, 3, 10.5], "texture": "#1"},
				"east": {"uv": [11, 10, 11.5, 12.5], "texture": "#1"},
				"south": {"uv": [3, 8, 4, 10.5], "texture": "#1"},
				"west": {"uv": [0, 12, 0.5, 14.5], "texture": "#1"},
				"down": {"uv": [15, 8, 14, 8.5], "texture": "#1"}
			}
		},
		{
			"from": [7.75, 10.77925, 2.8552],
			"to": [8.25, 11.77925, 4.8552],
			"rotation": {"angle": -22.5, "axis": "x", "origin": [7.5, 11.77925, 2.8552]},
			"faces": {
				"north": {"uv": [8, 14, 8.5, 15], "texture": "#1"},
				"east": {"uv": [9, 6, 11, 7], "texture": "#1"},
				"west": {"uv": [10, 2, 12, 3], "texture": "#1"},
				"down": {"uv": [13.5, 10, 13, 12], "texture": "#1"}
			}
		},
		{
			"from": [7.752, 10.85425, 0.8552],
			"to": [8.248, 11.77925, 2.8552],
			"rotation": {"angle": -45, "axis": "x", "origin": [7.502, 11.77925, 2.8552]},
			"faces": {
				"east": {"uv": [10, 3, 12, 4], "texture": "#1"},
				"west": {"uv": [4, 10, 6, 11], "texture": "#1"},
				"down": {"uv": [11.5, 13, 11, 15], "texture": "#1"}
			}
		},
		{
			"from": [7.752, 10.85425, -1.1448],
			"to": [8.248, 11.77925, 0.8552],
			"rotation": {"angle": -45, "axis": "x", "origin": [7.502, 11.77925, 2.8552]},
			"faces": {
				"east": {"uv": [10, 4, 12, 5], "texture": "#1"},
				"west": {"uv": [10, 5, 12, 6], "texture": "#1"},
				"down": {"uv": [1.5, 14, 1, 16], "texture": "#1"}
			}
		},
		{
			"from": [7.75, 8.24981, 1.02025],
			"to": [8.25, 10.24981, 1.52025],
			"rotation": {"angle": 22.5, "axis": "x", "origin": [8, 9.24981, 1.52025]},
			"faces": {
				"east": {"uv": [12, 13, 12.5, 15], "texture": "#1"},
				"south": {"uv": [13, 12, 13.5, 14], "texture": "#1"},
				"west": {"uv": [14, 0, 14.5, 2], "texture": "#1"},
				"up": {"uv": [9.5, 14.5, 9, 14], "texture": "#1"},
				"down": {"uv": [10.5, 14, 10, 14.5], "texture": "#1"}
			}
		},
		{
			"from": [7.5, 11.77925, 11.1448],
			"to": [8.5, 12.27925, 13.1448],
			"rotation": {"angle": 22.5, "axis": "x", "origin": [7.5, 11.77925, 13.1448]},
			"faces": {
				"north": {"uv": [15, 7, 14, 7.5], "texture": "#1"},
				"east": {"uv": [11, 13, 9, 13.5], "texture": "#1"},
				"west": {"uv": [15, 9, 13, 9.5], "texture": "#1"},
				"up": {"uv": [10, 9, 9, 11], "texture": "#1"},
				"down": {"uv": [11, 2, 10, 0], "texture": "#1"}
			}
		},
		{
			"from": [7.75, 10.77925, 11.1448],
			"to": [8.25, 11.77925, 13.1448],
			"rotation": {"angle": 22.5, "axis": "x", "origin": [7.5, 11.77925, 13.1448]},
			"faces": {
				"east": {"uv": [11, 6, 9, 7], "texture": "#1"},
				"south": {"uv": [8.5, 14, 8, 15], "texture": "#1"},
				"west": {"uv": [12, 2, 10, 3], "texture": "#1"},
				"down": {"uv": [13.5, 12, 13, 10], "texture": "#1"}
			}
		},
		{
			"from": [7.752, 10.85425, 13.1448],
			"to": [8.248, 11.77925, 15.1448],
			"rotation": {"angle": 45, "axis": "x", "origin": [7.502, 11.77925, 13.1448]},
			"faces": {
				"east": {"uv": [12, 3, 10, 4], "texture": "#1"},
				"west": {"uv": [6, 10, 4, 11], "texture": "#1"},
				"down": {"uv": [11.5, 15, 11, 13], "texture": "#1"}
			}
		},
		{
			"from": [7.75, 8.24981, 14.47975],
			"to": [8.25, 10.24981, 14.97975],
			"rotation": {"angle": -22.5, "axis": "x", "origin": [8, 9.24981, 14.47975]},
			"faces": {
				"north": {"uv": [13.5, 12, 13, 14], "texture": "#1"},
				"east": {"uv": [12.5, 13, 12, 15], "texture": "#1"},
				"west": {"uv": [14.5, 0, 14, 2], "texture": "#1"},
				"up": {"uv": [9.5, 14, 9, 14.5], "texture": "#1"},
				"down": {"uv": [10.5, 14.5, 10, 14], "texture": "#1"}
			}
		},
		{
			"from": [7.752, 10.85425, 15.1448],
			"to": [8.248, 11.77925, 17.1448],
			"rotation": {"angle": 45, "axis": "x", "origin": [7.502, 11.77925, 13.1448]},
			"faces": {
				"east": {"uv": [12, 4, 10, 5], "texture": "#1"},
				"west": {"uv": [12, 5, 10, 6], "texture": "#1"},
				"down": {"uv": [1.5, 16, 1, 14], "texture": "#1"}
			}
		},
		{
			"from": [7.5, 11.10731, 12.86647],
			"to": [8.5, 11.60731, 14.86647],
			"rotation": {"angle": 45, "axis": "x", "origin": [8, 11.35731, 13.86647]},
			"faces": {
				"east": {"uv": [4, 14, 2, 14.5], "texture": "#1"},
				"west": {"uv": [16, 2, 14, 2.5], "texture": "#1"},
				"up": {"uv": [7, 10, 6, 12], "texture": "#1"},
				"down": {"uv": [11, 9, 10, 7], "texture": "#1"}
			}
		},
		{
			"from": [7.5, 8.35743, 14.65206],
			"to": [8.5, 10.80743, 15.15206],
			"rotation": {"angle": -22.5, "axis": "x", "origin": [8, 9.80743, 14.90206]},
			"faces": {
				"north": {"uv": [4, 8, 3, 10.5], "texture": "#1"},
				"east": {"uv": [11.5, 10, 11, 12.5], "texture": "#1"},
				"south": {"uv": [3, 8, 2, 10.5], "texture": "#1"},
				"west": {"uv": [0.5, 12, 0, 14.5], "texture": "#1"},
				"down": {"uv": [15, 8.5, 14, 8], "texture": "#1"}
			}
		},
		{
			"from": [7.6, 10.53921, 7.46053],
			"to": [8.4, 13.53921, 10.46053],
			"rotation": {"angle": 22.5, "axis": "x", "origin": [8, 10.68921, 9.63553]},
			"faces": {
				"north": {"uv": [9, 0, 8, 3], "texture": "#1"},
				"east": {"uv": [3, 0, 0, 3], "texture": "#1"},
				"south": {"uv": [8, 6, 7, 9], "texture": "#1"},
				"west": {"uv": [3, 3, 0, 6], "texture": "#1"},
				"up": {"uv": [2, 8, 1, 11], "texture": "#1"}
			}
		},
		{
			"from": [7.5035, 11.3449, 9.78113],
			"to": [8.4965, 12.3449, 10.78113],
			"rotation": {"angle": -22.5, "axis": "x", "origin": [7.5035, 10.8449, 9.78113]},
			"faces": {
				"north": {"uv": [2, 13, 1, 14], "texture": "#1"},
				"east": {"uv": [14, 0, 13, 1], "texture": "#1"},
				"south": {"uv": [13, 12, 12, 13], "texture": "#1"},
				"west": {"uv": [14, 1, 13, 2], "texture": "#1"}
			}
		},
		{
			"from": [7.44, 10.56952, 9.36367],
			"to": [8.56, 11.68952, 11.48367],
			"rotation": {"angle": 0, "axis": "y", "origin": [8, 10.12952, 11.82367]},
			"faces": {
				"north": {"uv": [14, 2, 13, 3], "texture": "#1"},
				"east": {"uv": [10, 7, 8, 8], "texture": "#1"},
				"south": {"uv": [3, 13, 2, 14], "texture": "#1"},
				"west": {"uv": [10, 8, 8, 9], "texture": "#1"},
				"up": {"uv": [7, 8, 6, 10], "texture": "#1"},
				"down": {"uv": [10, 2, 9, 0], "texture": "#1"}
			}
		},
		{
			"from": [7.502, 12.18662, 9.10066],
			"to": [8.498, 13.18662, 10.10066],
			"rotation": {"angle": -45, "axis": "x", "origin": [8.002, 12.43662, 9.60066]},
			"faces": {
				"north": {"uv": [6, 13, 5, 14], "texture": "#1"},
				"east": {"uv": [14, 4, 13, 5], "texture": "#1"},
				"south": {"uv": [5, 13, 4, 14], "texture": "#1"},
				"west": {"uv": [14, 5, 13, 6], "texture": "#1"},
				"down": {"uv": [7, 14, 6, 13], "texture": "#1"}
			}
		},
		{
			"from": [7.5, 12.45424, 8.25157],
			"to": [8.5, 13.45424, 9.25157],
			"rotation": {"angle": 22.5, "axis": "x", "origin": [8, 12.95424, 9.00157]},
			"faces": {
				"east": {"uv": [8, 13, 7, 14], "texture": "#1"},
				"south": {"uv": [14, 6, 13, 7], "texture": "#1"},
				"west": {"uv": [14, 7, 13, 8], "texture": "#1"},
				"up": {"uv": [9, 13, 8, 14], "texture": "#1"},
				"down": {"uv": [14, 9, 13, 8], "texture": "#1"}
			}
		}
	],
	"gui_light": "front",
	"display": {
		"thirdperson_righthand": {
			"translation": [0, 3, 1]
		},
		"thirdperson_lefthand": {
			"translation": [0, 3, 1]
		},
		"firstperson_righthand": {
			"rotation": [-10, 0, 0],
			"translation": [0, 4.5, 0]
		},
		"firstperson_lefthand": {
			"rotation": [-10, 0, 0],
			"translation": [0, 4.5, 0]
		},
		"ground": {
			"rotation": [45, 0, 0],
			"translation": [0, 6.75, 0]
		},
		"gui": {
			"rotation": [90, -45, 90],
			"translation": [0.25, -0.25, 0],
			"scale": [0.79883, 0.79883, 0.79883]
		},
		"head": {
			"rotation": [0, 90, 0]
		},
		"fixed": {
			"rotation": [0, -90, 0],
			"translation": [0, 1.5, -1.5],
			"scale": [2.5, 2.5, 2.5]
		}
	}
}