{
	"credit": "Made by PolygonMC",
	"textures": {
		"1": "shadowsteelset/shovel",
		"particle": "shadowsteelset/shovel"
	},
	"elements": [
		{
			"from": [7.5, 0.5, 7.5],
			"to": [8.5, 2, 8.5],
			"rotation": {"angle": 0, "axis": "y", "origin": [7.5, 0, 7.5]},
			"faces": {
				"north": {"uv": [11, 4, 12, 5.5], "texture": "#1"},
				"east": {"uv": [7, 11, 8, 12.5], "texture": "#1"},
				"south": {"uv": [11, 8, 12, 9.5], "texture": "#1"},
				"west": {"uv": [11, 10, 12, 11.5], "texture": "#1"},
				"up": {"uv": [14, 1, 13, 0], "texture": "#1"}
			}
		},
		{
			"from": [7.6, 2, 7.6],
			"to": [8.4, 3.5, 8.4],
			"rotation": {"angle": 0, "axis": "y", "origin": [7.5, 2, 7.5]},
			"faces": {
				"north": {"uv": [0, 12, 1, 13.5], "texture": "#1"},
				"east": {"uv": [12, 0, 13, 1.5], "texture": "#1"},
				"south": {"uv": [1, 12, 2, 13.5], "texture": "#1"},
				"west": {"uv": [2, 12, 3, 13.5], "texture": "#1"}
			}
		},
		{
			"from": [7.405, -0.345, 7.405],
			"to": [8.595, 0.845, 8.595],
			"rotation": {"angle": -45, "axis": "x", "origin": [8, 0.25, 8]},
			"faces": {
				"north": {"uv": [13, 1, 14, 2], "texture": "#1"},
				"east": {"uv": [3, 13, 4, 14], "texture": "#1"},
				"south": {"uv": [4, 13, 5, 14], "texture": "#1"},
				"west": {"uv": [5, 13, 6, 14], "texture": "#1"},
				"up": {"uv": [14, 6, 13, 5], "texture": "#1"},
				"down": {"uv": [14, 6, 13, 7], "texture": "#1"}
			}
		},
		{
			"from": [7.155, -0.195, 7.555],
			"to": [8.845, 0.695, 8.445],
			"rotation": {"angle": -45, "axis": "x", "origin": [8, 0.25, 8]},
			"faces": {
				"north": {"uv": [12, 2, 13.5, 3], "texture": "#1"},
				"east": {"uv": [7, 13, 8, 14], "texture": "#1"},
				"south": {"uv": [3, 12, 4.5, 13], "texture": "#1"},
				"west": {"uv": [13, 7, 14, 8], "texture": "#1"},
				"up": {"uv": [13.5, 4, 12, 3], "texture": "#1"},
				"down": {"uv": [13.5, 4, 12, 5], "texture": "#1"}
			}
		},
		{
			"from": [7.4, 1, 7.4],
			"to": [8.6, 1.5, 8.6],
			"rotation": {"angle": 0, "axis": "y", "origin": [7.5, 0, 7.5]},
			"faces": {
				"north": {"uv": [9, 14, 10, 14.5], "texture": "#1"},
				"east": {"uv": [14, 9, 15, 9.5], "texture": "#1"},
				"south": {"uv": [14, 10, 15, 10.5], "texture": "#1"},
				"west": {"uv": [14, 11, 15, 11.5], "texture": "#1"},
				"up": {"uv": [14, 9, 13, 8], "texture": "#1"},
				"down": {"uv": [14, 9, 13, 10], "texture": "#1"}
			}
		},
		{
			"from": [7.4, 3.9, 7.4],
			"to": [8.6, 4.4, 8.6],
			"rotation": {"angle": 0, "axis": "y", "origin": [7.5, 5.5, 7.5]},
			"faces": {
				"north": {"uv": [14, 12, 15, 12.5], "texture": "#1"},
				"east": {"uv": [13, 14, 14, 14.5], "texture": "#1"},
				"south": {"uv": [14, 13, 15, 13.5], "texture": "#1"},
				"west": {"uv": [14, 14, 15, 14.5], "texture": "#1"},
				"up": {"uv": [14, 11, 13, 10], "texture": "#1"},
				"down": {"uv": [14, 11, 13, 12], "texture": "#1"}
			}
		},
		{
			"from": [7.5, 3.5, 7.5],
			"to": [8.5, 5.25, 8.5],
			"rotation": {"angle": 0, "axis": "y", "origin": [7.5, 5.5, 7.5]},
			"faces": {
				"north": {"uv": [7, 9, 8, 11], "texture": "#1"},
				"east": {"uv": [3, 10, 4, 12], "texture": "#1"},
				"south": {"uv": [4, 10, 5, 12], "texture": "#1"},
				"west": {"uv": [10, 4, 11, 6], "texture": "#1"},
				"down": {"uv": [14, 12, 13, 13], "texture": "#1"}
			}
		},
		{
			"from": [7.4, 5.25, 7.4],
			"to": [8.6, 9, 8.6],
			"rotation": {"angle": 0, "axis": "y", "origin": [7.5, 5.25, 7.5]},
			"faces": {
				"north": {"uv": [6, 5, 7, 9], "texture": "#1"},
				"east": {"uv": [7, 5, 8, 9], "texture": "#1"},
				"south": {"uv": [0, 8, 1, 12], "texture": "#1"},
				"west": {"uv": [8, 0, 9, 4], "texture": "#1"},
				"down": {"uv": [14, 13, 13, 14], "texture": "#1"}
			}
		},
		{
			"from": [7.25, 7.75, 8],
			"to": [8.75, 9.75, 10],
			"rotation": {"angle": -45, "axis": "x", "origin": [7.5, 7.75, 8]},
			"faces": {
				"north": {"uv": [8, 4, 9.5, 6], "texture": "#1"},
				"east": {"uv": [1, 8, 3, 10], "texture": "#1"},
				"south": {"uv": [8, 6, 9.5, 8], "texture": "#1"},
				"west": {"uv": [3, 8, 5, 10], "texture": "#1"},
				"up": {"uv": [9.5, 10, 8, 8], "texture": "#1"},
				"down": {"uv": [10.5, 0, 9, 2], "texture": "#1"}
			}
		},
		{
			"from": [7.5035, 9.3449, 5.21887],
			"to": [8.4965, 10.3449, 6.21887],
			"rotation": {"angle": 22.5, "axis": "x", "origin": [7.5035, 8.8449, 6.21887]},
			"faces": {
				"north": {"uv": [0, 14, 1, 15], "texture": "#1"},
				"east": {"uv": [14, 0, 15, 1], "texture": "#1"},
				"south": {"uv": [1, 14, 2, 15], "texture": "#1"},
				"west": {"uv": [14, 1, 15, 2], "texture": "#1"}
			}
		},
		{
			"from": [7.44, 8.56952, 4.51633],
			"to": [8.56, 9.68952, 6.63633],
			"rotation": {"angle": 0, "axis": "y", "origin": [8, 8.12952, 4.17633]},
			"faces": {
				"north": {"uv": [2, 14, 3, 15], "texture": "#1"},
				"east": {"uv": [10, 6, 12, 7], "texture": "#1"},
				"south": {"uv": [14, 2, 15, 3], "texture": "#1"},
				"west": {"uv": [10, 7, 12, 8], "texture": "#1"},
				"up": {"uv": [9, 12, 8, 10], "texture": "#1"},
				"down": {"uv": [11, 8, 10, 10], "texture": "#1"}
			}
		},
		{
			"from": [7.44, 10.51952, 7.44],
			"to": [8.56, 12.63952, 8.56],
			"rotation": {"angle": 0, "axis": "y", "origin": [8, 11.97952, 8]},
			"faces": {
				"north": {"uv": [9, 10, 10, 12], "texture": "#1"},
				"east": {"uv": [10, 10, 11, 12], "texture": "#1"},
				"south": {"uv": [11, 0, 12, 2], "texture": "#1"},
				"west": {"uv": [11, 2, 12, 4], "texture": "#1"},
				"up": {"uv": [4, 15, 3, 14], "texture": "#1"},
				"down": {"uv": [15, 3, 14, 4], "texture": "#1"}
			}
		},
		{
			"from": [7.502, 10.18662, 5.89934],
			"to": [8.498, 11.18662, 6.89934],
			"rotation": {"angle": 45, "axis": "x", "origin": [8.002, 10.43662, 6.39934]},
			"faces": {
				"north": {"uv": [4, 14, 5, 15], "texture": "#1"},
				"east": {"uv": [14, 4, 15, 5], "texture": "#1"},
				"south": {"uv": [5, 14, 6, 15], "texture": "#1"},
				"west": {"uv": [14, 5, 15, 6], "texture": "#1"},
				"down": {"uv": [7, 14, 6, 15], "texture": "#1"}
			}
		},
		{
			"from": [7.5, 10.45424, 6.74843],
			"to": [8.5, 11.45424, 7.74843],
			"rotation": {"angle": -22.5, "axis": "x", "origin": [8, 10.95424, 6.99843]},
			"faces": {
				"north": {"uv": [14, 6, 15, 7], "texture": "#1"},
				"east": {"uv": [7, 14, 8, 15], "texture": "#1"},
				"west": {"uv": [14, 7, 15, 8], "texture": "#1"},
				"up": {"uv": [9, 15, 8, 14], "texture": "#1"},
				"down": {"uv": [15, 8, 14, 9], "texture": "#1"}
			}
		},
		{
			"from": [7.5, 10.45424, 8.25157],
			"to": [8.5, 11.45424, 9.25157],
			"rotation": {"angle": 22.5, "axis": "x", "origin": [8, 10.95424, 9.00157]},
			"faces": {
				"east": {"uv": [8, 14, 7, 15], "texture": "#1"},
				"south": {"uv": [15, 6, 14, 7], "texture": "#1"},
				"west": {"uv": [15, 7, 14, 8], "texture": "#1"},
				"up": {"uv": [9, 14, 8, 15], "texture": "#1"},
				"down": {"uv": [15, 9, 14, 8], "texture": "#1"}
			}
		},
		{
			"from": [7.502, 10.18662, 9.10066],
			"to": [8.498, 11.18662, 10.10066],
			"rotation": {"angle": -45, "axis": "x", "origin": [8.002, 10.43662, 9.60066]},
			"faces": {
				"north": {"uv": [6, 14, 5, 15], "texture": "#1"},
				"east": {"uv": [15, 4, 14, 5], "texture": "#1"},
				"south": {"uv": [5, 14, 4, 15], "texture": "#1"},
				"west": {"uv": [15, 5, 14, 6], "texture": "#1"},
				"down": {"uv": [7, 15, 6, 14], "texture": "#1"}
			}
		},
		{
			"from": [7.5035, 9.3449, 9.78113],
			"to": [8.4965, 10.3449, 10.78113],
			"rotation": {"angle": -22.5, "axis": "x", "origin": [7.5035, 8.8449, 9.78113]},
			"faces": {
				"north": {"uv": [2, 14, 1, 15], "texture": "#1"},
				"east": {"uv": [15, 0, 14, 1], "texture": "#1"},
				"south": {"uv": [1, 14, 0, 15], "texture": "#1"},
				"west": {"uv": [15, 1, 14, 2], "texture": "#1"}
			}
		},
		{
			"from": [7.44, 8.56952, 9.36367],
			"to": [8.56, 9.68952, 11.48367],
			"rotation": {"angle": 0, "axis": "y", "origin": [8, 8.12952, 11.82367]},
			"faces": {
				"north": {"uv": [15, 2, 14, 3], "texture": "#1"},
				"east": {"uv": [12, 6, 10, 7], "texture": "#1"},
				"south": {"uv": [3, 14, 2, 15], "texture": "#1"},
				"west": {"uv": [12, 7, 10, 8], "texture": "#1"},
				"up": {"uv": [9, 10, 8, 12], "texture": "#1"},
				"down": {"uv": [11, 10, 10, 8], "texture": "#1"}
			}
		},
		{
			"from": [7.75, 10.75, 6.25],
			"to": [8.25, 15.75, 9.75],
			"rotation": {"angle": 0, "axis": "y", "origin": [7.75, -0.25, 6.75]},
			"faces": {
				"north": {"uv": [5, 8, 5.5, 13], "texture": "#1"},
				"east": {"uv": [0, 0, 3.5, 5], "texture": "#1"},
				"south": {"uv": [6, 9, 6.5, 14], "texture": "#1"},
				"west": {"uv": [4, 0, 7.5, 5], "texture": "#1"}
			}
		},
		{
			"from": [7.74925, 14.72478, 6.25],
			"to": [8.25075, 17.19978, 8.725],
			"rotation": {"angle": -45, "axis": "x", "origin": [7.99925, 16.47478, 8]},
			"faces": {
				"north": {"uv": [12, 9, 12.5, 11.5], "texture": "#1"},
				"east": {"uv": [0, 5, 2.5, 7.5], "texture": "#1"},
				"south": {"uv": [10, 12, 10.5, 14.5], "texture": "#1"},
				"west": {"uv": [3, 5, 5.5, 7.5], "texture": "#1"},
				"up": {"uv": [11.5, 14.5, 11, 12], "texture": "#1"},
				"down": {"uv": [12.5, 12, 12, 14.5], "texture": "#1"}
			}
		},
		{
			"from": [7.5, 10.5, 4.96777],
			"to": [8.5, 12, 6.46777],
			"rotation": {"angle": -22.5, "axis": "x", "origin": [8, 11.25, 5.71777]},
			"faces": {
				"north": {"uv": [10, 12, 9, 13.5], "rotation": 180, "texture": "#1"},
				"east": {"uv": [9, 2, 10.5, 3.5], "rotation": 270, "texture": "#1"},
				"south": {"uv": [9, 13.5, 8, 12], "texture": "#1"},
				"west": {"uv": [1, 10, 2.5, 11.5], "rotation": 90, "texture": "#1"},
				"up": {"uv": [12, 5, 13, 6.5], "rotation": 180, "texture": "#1"},
				"down": {"uv": [12, 7, 13, 8.5], "texture": "#1"}
			}
		},
		{
			"from": [7.5, 10.5, 9.53223],
			"to": [8.5, 12, 11.03223],
			"rotation": {"angle": 22.5, "axis": "x", "origin": [8, 11.25, 10.28223]},
			"faces": {
				"north": {"uv": [8, 13.5, 9, 12], "texture": "#1"},
				"east": {"uv": [9, 3.5, 10.5, 2], "rotation": 270, "texture": "#1"},
				"south": {"uv": [9, 12, 10, 13.5], "rotation": 180, "texture": "#1"},
				"west": {"uv": [1, 11.5, 2.5, 10], "rotation": 90, "texture": "#1"},
				"up": {"uv": [12, 6.5, 13, 5], "rotation": 180, "texture": "#1"},
				"down": {"uv": [12, 8.5, 13, 7], "texture": "#1"}
			}
		}
	],
	"gui_light": "front",
	"display": {
		"thirdperson_righthand": {
			"translation": [0, 3, 1]
		},
		"thirdperson_lefthand": {
			"translation": [0, 3, 1]
		},
		"firstperson_righthand": {
			"rotation": [-10, 0, 0],
			"translation": [0, 4.5, 0]
		},
		"firstperson_lefthand": {
			"rotation": [-10, 0, 0],
			"translation": [0, 4.5, 0]
		},
		"ground": {
			"rotation": [-45, 0, 0],
			"translation": [0, 6.75, 0]
		},
		"gui": {
			"rotation": [-90, 45, 90],
			"translation": [0.25, -0.25, 0],
			"scale": [0.79883, 0.79883, 0.79883]
		},
		"head": {
			"rotation": [0, -90, 0]
		},
		"fixed": {
			"rotation": [0, -90, 0],
			"translation": [0, 1.5, -1.5],
			"scale": [2.5, 2.5, 2.5]
		}
	}
}