{
	"credit": "Made by PolygonMC",
	"texture_size": [24, 24],
	"textures": {
		"1": "shadowsteelset/sword"
	},
	"elements": [
		{
			"from": [7.5, 0.5, 7.5],
			"to": [8.5, 2, 8.5],
			"rotation": {"angle": 0, "axis": "y", "origin": [7.5, 0, 7.5]},
			"faces": {
				"north": {"uv": [10, 6.66667, 10.66667, 7.66667], "texture": "#1"},
				"east": {"uv": [8, 10, 8.66667, 11], "texture": "#1"},
				"south": {"uv": [8.66667, 10, 9.33333, 11], "texture": "#1"},
				"west": {"uv": [10, 8.66667, 10.66667, 9.66667], "texture": "#1"},
				"up": {"uv": [11.33333, 10, 10.66667, 9.33333], "texture": "#1"}
			}
		},
		{
			"from": [7.6, 2, 7.6],
			"to": [8.4, 3.5, 8.4],
			"rotation": {"angle": 0, "axis": "y", "origin": [7.5, 2, 7.5]},
			"faces": {
				"north": {"uv": [10.66667, 2, 11.33333, 3], "texture": "#1"},
				"east": {"uv": [10.66667, 3.33333, 11.33333, 4.33333], "texture": "#1"},
				"south": {"uv": [10.66667, 4.66667, 11.33333, 5.66667], "texture": "#1"},
				"west": {"uv": [10.66667, 6, 11.33333, 7], "texture": "#1"}
			}
		},
		{
			"from": [7.405, -0.345, 7.405],
			"to": [8.595, 0.845, 8.595],
			"rotation": {"angle": -45, "axis": "x", "origin": [8, 0.25, 8]},
			"faces": {
				"north": {"uv": [10.66667, 10.66667, 11.33333, 11.33333], "texture": "#1"},
				"east": {"uv": [11.33333, 2, 12, 2.66667], "texture": "#1"},
				"south": {"uv": [2.66667, 11.33333, 3.33333, 12], "texture": "#1"},
				"west": {"uv": [11.33333, 2.66667, 12, 3.33333], "texture": "#1"},
				"up": {"uv": [4, 12, 3.33333, 11.33333], "texture": "#1"},
				"down": {"uv": [12, 3.33333, 11.33333, 4], "texture": "#1"}
			}
		},
		{
			"from": [7.155, -0.195, 7.555],
			"to": [8.845, 0.695, 8.445],
			"rotation": {"angle": -45, "axis": "x", "origin": [8, 0.25, 8]},
			"faces": {
				"north": {"uv": [9.33333, 10, 10.33333, 10.66667], "texture": "#1"},
				"east": {"uv": [4, 11.33333, 4.66667, 12], "texture": "#1"},
				"south": {"uv": [10.66667, 0, 11.66667, 0.66667], "texture": "#1"},
				"west": {"uv": [11.33333, 4, 12, 4.66667], "texture": "#1"},
				"up": {"uv": [11.66667, 1.33333, 10.66667, 0.66667], "texture": "#1"},
				"down": {"uv": [11.66667, 1.33333, 10.66667, 2], "texture": "#1"}
			}
		},
		{
			"from": [7.4, 1, 7.4],
			"to": [8.6, 1.5, 8.6],
			"rotation": {"angle": 0, "axis": "y", "origin": [7.5, 0, 7.5]},
			"faces": {
				"north": {"uv": [12, 4, 12.66667, 4.33333], "texture": "#1"},
				"east": {"uv": [4.66667, 12, 5.33333, 12.33333], "texture": "#1"},
				"south": {"uv": [12, 4.66667, 12.66667, 5], "texture": "#1"},
				"west": {"uv": [12, 5.33333, 12.66667, 5.66667], "texture": "#1"},
				"up": {"uv": [10.66667, 11.33333, 10, 10.66667], "texture": "#1"},
				"down": {"uv": [11.33333, 10, 10.66667, 10.66667], "texture": "#1"}
			}
		},
		{
			"from": [7.4, 3.9, 7.4],
			"to": [8.6, 4.4, 8.6],
			"rotation": {"angle": 0, "axis": "y", "origin": [7.5, 5.5, 7.5]},
			"faces": {
				"north": {"uv": [12, 6, 12.66667, 6.33333], "texture": "#1"},
				"east": {"uv": [6.66667, 12, 7.33333, 12.33333], "texture": "#1"},
				"south": {"uv": [12, 6.66667, 12.66667, 7], "texture": "#1"},
				"west": {"uv": [12, 7.33333, 12.66667, 7.66667], "texture": "#1"},
				"up": {"uv": [12, 5.33333, 11.33333, 4.66667], "texture": "#1"},
				"down": {"uv": [12, 5.33333, 11.33333, 6], "texture": "#1"}
			}
		},
		{
			"from": [7.5, 3.5, 7.5],
			"to": [8.5, 5.25, 8.5],
			"rotation": {"angle": 0, "axis": "y", "origin": [7.5, 5.5, 7.5]},
			"faces": {
				"north": {"uv": [8.66667, 8, 9.33333, 9.33333], "texture": "#1"},
				"east": {"uv": [9.33333, 0, 10, 1.33333], "texture": "#1"},
				"south": {"uv": [9.33333, 1.33333, 10, 2.66667], "texture": "#1"},
				"west": {"uv": [7.33333, 9.33333, 8, 10.66667], "texture": "#1"},
				"down": {"uv": [5.33333, 11.33333, 4.66667, 12], "texture": "#1"}
			}
		},
		{
			"from": [7.25, 4.75, 8],
			"to": [8.75, 6.75, 10],
			"rotation": {"angle": -45, "axis": "x", "origin": [7.5, 4.75, 8]},
			"faces": {
				"north": {"uv": [8.66667, 2.66667, 9.66667, 4], "texture": "#1"},
				"east": {"uv": [7.33333, 6.66667, 8.66667, 8], "texture": "#1"},
				"south": {"uv": [8.66667, 4, 9.66667, 5.33333], "texture": "#1"},
				"west": {"uv": [7.33333, 8, 8.66667, 9.33333], "texture": "#1"},
				"up": {"uv": [9.66667, 6.66667, 8.66667, 5.33333], "texture": "#1"},
				"down": {"uv": [9.66667, 6.66667, 8.66667, 8], "texture": "#1"}
			}
		},
		{
			"from": [7.5035, 6.3449, 5.21887],
			"to": [8.4965, 7.3449, 6.21887],
			"rotation": {"angle": 22.5, "axis": "x", "origin": [7.5035, 5.8449, 6.21887]},
			"faces": {
				"north": {"uv": [11.33333, 6, 12, 6.66667], "texture": "#1"},
				"east": {"uv": [6.66667, 11.33333, 7.33333, 12], "texture": "#1"},
				"south": {"uv": [11.33333, 6.66667, 12, 7.33333], "texture": "#1"},
				"west": {"uv": [11.33333, 7.33333, 12, 8], "texture": "#1"}
			}
		},
		{
			"from": [7.44, 5.56952, 4.51633],
			"to": [8.56, 6.68952, 6.63633],
			"rotation": {"angle": 0, "axis": "x", "origin": [8, 6.12952, 5.57633]},
			"faces": {
				"north": {"uv": [12, 0, 12.66667, 0.66667], "texture": "#1"},
				"east": {"uv": [8, 9.33333, 9.33333, 10], "texture": "#1"},
				"south": {"uv": [12, 0.66667, 12.66667, 1.33333], "texture": "#1"},
				"west": {"uv": [9.33333, 8, 10.66667, 8.66667], "texture": "#1"},
				"up": {"uv": [10, 10, 9.33333, 8.66667], "texture": "#1"},
				"down": {"uv": [10.66667, 0, 10, 1.33333], "texture": "#1"}
			}
		},
		{
			"from": [7.44, 7.51952, 7.44],
			"to": [8.56, 9.63952, 8.56],
			"rotation": {"angle": 0, "axis": "x", "origin": [8, 8.97952, 8]},
			"faces": {
				"north": {"uv": [10, 1.33333, 10.66667, 2.66667], "texture": "#1"},
				"east": {"uv": [10, 2.66667, 10.66667, 4], "texture": "#1"},
				"south": {"uv": [10, 4, 10.66667, 5.33333], "texture": "#1"},
				"west": {"uv": [10, 5.33333, 10.66667, 6.66667], "texture": "#1"},
				"up": {"uv": [12.66667, 2, 12, 1.33333], "texture": "#1"},
				"down": {"uv": [12.66667, 2, 12, 2.66667], "texture": "#1"}
			}
		},
		{
			"from": [7.502, 7.18662, 5.89934],
			"to": [8.498, 8.18662, 6.89934],
			"rotation": {"angle": 45, "axis": "x", "origin": [8.002, 7.43662, 6.39934]},
			"faces": {
				"north": {"uv": [8, 11.33333, 8.66667, 12], "texture": "#1"},
				"east": {"uv": [11.33333, 8, 12, 8.66667], "texture": "#1"},
				"south": {"uv": [8.66667, 11.33333, 9.33333, 12], "texture": "#1"},
				"west": {"uv": [11.33333, 8.66667, 12, 9.33333], "texture": "#1"},
				"down": {"uv": [12, 9.33333, 11.33333, 10], "texture": "#1"}
			}
		},
		{
			"from": [7.5, 7.45424, 6.74843],
			"to": [8.5, 8.45424, 7.74843],
			"rotation": {"angle": -22.5, "axis": "x", "origin": [8, 7.95424, 6.99843]},
			"faces": {
				"north": {"uv": [10, 11.33333, 10.66667, 12], "texture": "#1"},
				"east": {"uv": [11.33333, 10, 12, 10.66667], "texture": "#1"},
				"west": {"uv": [10.66667, 11.33333, 11.33333, 12], "texture": "#1"},
				"up": {"uv": [12, 11.33333, 11.33333, 10.66667], "texture": "#1"},
				"down": {"uv": [12, 11.33333, 11.33333, 12], "texture": "#1"}
			}
		},
		{
			"from": [7.5, 7.45424, 8.25157],
			"to": [8.5, 8.45424, 9.25157],
			"rotation": {"angle": 22.5, "axis": "x", "origin": [8, 7.95424, 9.00157]},
			"faces": {
				"east": {"uv": [12, 10, 11.33333, 10.66667], "texture": "#1"},
				"south": {"uv": [10.66667, 11.33333, 10, 12], "texture": "#1"},
				"west": {"uv": [11.33333, 11.33333, 10.66667, 12], "texture": "#1"},
				"up": {"uv": [12, 10.66667, 11.33333, 11.33333], "texture": "#1"},
				"down": {"uv": [12, 12, 11.33333, 11.33333], "texture": "#1"}
			}
		},
		{
			"from": [7.502, 7.18662, 9.10066],
			"to": [8.498, 8.18662, 10.10066],
			"rotation": {"angle": -45, "axis": "x", "origin": [8.002, 7.43662, 9.60066]},
			"faces": {
				"north": {"uv": [9.33333, 11.33333, 8.66667, 12], "texture": "#1"},
				"east": {"uv": [12, 8, 11.33333, 8.66667], "texture": "#1"},
				"south": {"uv": [8.66667, 11.33333, 8, 12], "texture": "#1"},
				"west": {"uv": [12, 8.66667, 11.33333, 9.33333], "texture": "#1"},
				"down": {"uv": [12, 10, 11.33333, 9.33333], "texture": "#1"}
			}
		},
		{
			"from": [7.5035, 6.3449, 9.78113],
			"to": [8.4965, 7.3449, 10.78113],
			"rotation": {"angle": -22.5, "axis": "x", "origin": [7.5035, 5.8449, 9.78113]},
			"faces": {
				"north": {"uv": [12, 6.66667, 11.33333, 7.33333], "texture": "#1"},
				"east": {"uv": [7.33333, 11.33333, 6.66667, 12], "texture": "#1"},
				"south": {"uv": [12, 6, 11.33333, 6.66667], "texture": "#1"},
				"west": {"uv": [12, 7.33333, 11.33333, 8], "texture": "#1"}
			}
		},
		{
			"from": [7.44, 5.56952, 9.36367],
			"to": [8.56, 6.68952, 11.48367],
			"rotation": {"angle": 0, "axis": "x", "origin": [8, 5.12952, 11.82367]},
			"faces": {
				"north": {"uv": [12.66667, 0.66667, 12, 1.33333], "texture": "#1"},
				"east": {"uv": [9.33333, 9.33333, 8, 10], "texture": "#1"},
				"south": {"uv": [12.66667, 0, 12, 0.66667], "texture": "#1"},
				"west": {"uv": [10.66667, 8, 9.33333, 8.66667], "texture": "#1"},
				"up": {"uv": [10, 8.66667, 9.33333, 10], "texture": "#1"},
				"down": {"uv": [10.66667, 1.33333, 10, 0], "texture": "#1"}
			}
		},
		{
			"from": [7.7475, 8.5, 7.25],
			"to": [8.2525, 28.5, 8.75],
			"rotation": {"angle": 0, "axis": "y", "origin": [7.4975, 0, 7.25]},
			"faces": {
				"north": {"uv": [5.33333, 0, 5.66667, 13.33333], "texture": "#1"},
				"east": {"uv": [0, 0, 1, 13.33333], "texture": "#1"},
				"south": {"uv": [6, 0, 6.33333, 13.33333], "texture": "#1"},
				"west": {"uv": [1.33333, 0, 2.33333, 13.33333], "texture": "#1"},
				"up": {"uv": [3.66667, 13, 3.33333, 12], "texture": "#1"}
			}
		},
		{
			"from": [7.75, 26.97195, 8.14356],
			"to": [8.25, 28.82195, 10.36856],
			"rotation": {"angle": -22.5, "axis": "x", "origin": [8, 20.82195, 9.61856]},
			"faces": {
				"north": {"uv": [2.66667, 12, 3, 13.33333], "texture": "#1"},
				"east": {"uv": [7.33333, 0, 9, 1.33333], "texture": "#1"},
				"west": {"uv": [7.33333, 1.33333, 9, 2.66667], "texture": "#1"},
				"up": {"uv": [7.66667, 12.33333, 7.33333, 10.66667], "texture": "#1"},
				"down": {"uv": [11, 7.33333, 10.66667, 9], "texture": "#1"}
			}
		},
		{
			"from": [7.752, 9.44553, 5.70567],
			"to": [8.248, 26.52053, 7.25567],
			"rotation": {"angle": 0, "axis": "x", "origin": [8.002, 20.69553, 6.95567]},
			"faces": {
				"north": {"uv": [6.66667, 0, 7, 11.33333], "texture": "#1"},
				"east": {"uv": [2.66667, 0, 3.66667, 11.33333], "texture": "#1"},
				"west": {"uv": [4, 0, 5, 11.33333], "texture": "#1"},
				"down": {"uv": [4.33333, 12, 4, 13], "texture": "#1"}
			}
		},
		{
			"from": [7.7535, 8.04397, 5.12512],
			"to": [8.2465, 10.19397, 6.92512],
			"rotation": {"angle": 45, "axis": "x", "origin": [8.0015, 8.54397, 5.90012]},
			"faces": {
				"north": {"uv": [9.33333, 10.66667, 9.66667, 12.33333], "texture": "#1"},
				"east": {"uv": [7.33333, 2.66667, 8.66667, 4.33333], "texture": "#1"},
				"west": {"uv": [7.33333, 4.66667, 8.66667, 6.33333], "texture": "#1"},
				"down": {"uv": [12.33333, 2.66667, 12, 4], "texture": "#1"}
			}
		},
		{
			"from": [7.75, 26.97195, 5.63144],
			"to": [8.25, 28.82195, 7.85644],
			"rotation": {"angle": 22.5, "axis": "x", "origin": [8, 20.82195, 6.38144]},
			"faces": {
				"east": {"uv": [9, 0, 7.33333, 1.33333], "texture": "#1"},
				"south": {"uv": [3, 12, 2.66667, 13.33333], "texture": "#1"},
				"west": {"uv": [9, 1.33333, 7.33333, 2.66667], "texture": "#1"},
				"up": {"uv": [7.66667, 10.66667, 7.33333, 12.33333], "texture": "#1"},
				"down": {"uv": [11, 9, 10.66667, 7.33333], "texture": "#1"}
			}
		},
		{
			"from": [7.752, 9.44553, 8.74433],
			"to": [8.248, 26.52053, 10.29433],
			"rotation": {"angle": 0, "axis": "x", "origin": [8.002, 20.69553, 9.04433]},
			"faces": {
				"east": {"uv": [3.66667, 0, 2.66667, 11.33333], "texture": "#1"},
				"south": {"uv": [7, 0, 6.66667, 11.33333], "texture": "#1"},
				"west": {"uv": [5, 0, 4, 11.33333], "texture": "#1"},
				"down": {"uv": [4.33333, 13, 4, 12], "texture": "#1"}
			}
		},
		{
			"from": [7.7535, 8.04397, 9.07488],
			"to": [8.2465, 10.19397, 10.87488],
			"rotation": {"angle": -45, "axis": "x", "origin": [8.0015, 8.54397, 10.09988]},
			"faces": {
				"east": {"uv": [8.66667, 2.66667, 7.33333, 4.33333], "texture": "#1"},
				"south": {"uv": [9.66667, 10.66667, 9.33333, 12.33333], "texture": "#1"},
				"west": {"uv": [8.66667, 4.66667, 7.33333, 6.33333], "texture": "#1"},
				"down": {"uv": [12.33333, 4, 12, 2.66667], "texture": "#1"}
			}
		}
	],
	"gui_light": "front",
	"display": {
		"thirdperson_righthand": {
			"translation": [0, 3, 1]
		},
		"thirdperson_lefthand": {
			"translation": [0, 3, 1]
		},
		"firstperson_righthand": {
			"rotation": [-10, 0, 0],
			"translation": [0, 2.5, 0]
		},
		"firstperson_lefthand": {
			"rotation": [-10, 0, 0],
			"translation": [0, 2.5, 0]
		},
		"ground": {
			"rotation": [45, 0, 0],
			"translation": [0, 6.75, 0]
		},
		"gui": {
			"rotation": [90, -45, 90],
			"translation": [3.75, -3.75, 0],
			"scale": [0.79883, 0.79883, 0.79883]
		},
		"head": {
			"rotation": [0, 90, 0]
		},
		"fixed": {
			"rotation": [0, -90, 0],
			"translation": [0, -18.75, -1.5],
			"scale": [2.5, 2.5, 2.5]
		}
	}
}