{
	"credit": "Made with Blockbench",
	"texture_size": [64, 64],
	"textures": {
		"0": "item/fender_stratocaster_candy_red",
		"particle": "item/fender_stratocaster_candy_red"
	},
	"elements": [
		{
			"from": [3.95, -5, 3],
			"to": [11.95, -4, 5],
			"rotation": {"angle": 0, "axis": "y", "origin": [6.95, -5, 0]},
			"faces": {
				"north": {"uv": [5.25, 0.75, 7.25, 1], "texture": "#0"},
				"east": {"uv": [5.5, 7, 6, 7.25], "texture": "#0"},
				"south": {"uv": [5.75, 3, 7.75, 3.25], "texture": "#0"},
				"west": {"uv": [7.25, 0.25, 7.75, 0.5], "texture": "#0"},
				"up": {"uv": [3.5, 5, 1.5, 4.5], "texture": "#0"},
				"down": {"uv": [6.5, 2.5, 4.5, 3], "texture": "#0"}
			}
		},
		{
			"from": [2.95, -4, 3],
			"to": [12.95, -3, 5],
			"rotation": {"angle": 0, "axis": "y", "origin": [6.95, -4, 0]},
			"faces": {
				"north": {"uv": [4.5, 3.75, 7, 4], "texture": "#0"},
				"east": {"uv": [7.25, 0.5, 7.75, 0.75], "texture": "#0"},
				"south": {"uv": [5.25, 0, 7.75, 0.25], "texture": "#0"},
				"west": {"uv": [7.25, 0.75, 7.75, 1], "texture": "#0"},
				"up": {"uv": [6.75, 1.5, 4.25, 1], "texture": "#0"},
				"down": {"uv": [6.75, 1.5, 4.25, 2], "texture": "#0"}
			}
		},
		{
			"from": [1.95, -3, 3],
			"to": [13.95, 2, 5],
			"rotation": {"angle": 0, "axis": "y", "origin": [7.95, -3, -1]},
			"faces": {
				"north": {"uv": [0, 0, 3, 1.25], "texture": "#0"},
				"east": {"uv": [3.75, 5.25, 4.25, 6.5], "texture": "#0"},
				"south": {"uv": [0, 1.25, 3, 2.5], "texture": "#0"},
				"west": {"uv": [4.25, 5.25, 4.75, 6.5], "texture": "#0"},
				"up": {"uv": [4, 4.5, 1, 4], "texture": "#0"},
				"down": {"uv": [7, 4, 4, 4.5], "texture": "#0"}
			}
		},
		{
			"from": [3.5, 2, 3],
			"to": [12.5, 6, 5],
			"rotation": {"angle": 0, "axis": "y", "origin": [7.5, 2, -1]},
			"faces": {
				"north": {"uv": [1, 2.5, 3.25, 3.5], "texture": "#0"},
				"east": {"uv": [5, 6, 5.5, 7], "texture": "#0"},
				"south": {"uv": [3, 0, 5.25, 1], "texture": "#0"},
				"west": {"uv": [5.5, 6, 6, 7], "texture": "#0"},
				"up": {"uv": [3.25, 4, 1, 3.5], "texture": "#0"},
				"down": {"uv": [6.5, 2, 4.25, 2.5], "texture": "#0"}
			}
		},
		{
			"from": [9, 6, 3],
			"to": [14, 12, 5],
			"rotation": {"angle": 0, "axis": "y", "origin": [12, 6, 0]},
			"faces": {
				"north": {"uv": [3, 1, 4.25, 2.5], "texture": "#0"},
				"east": {"uv": [5, 4.5, 5.5, 6], "texture": "#0"},
				"south": {"uv": [3.25, 2.5, 4.5, 4], "texture": "#0"},
				"west": {"uv": [3.25, 5.25, 3.75, 6.75], "texture": "#0"},
				"up": {"uv": [6.5, 0.75, 5.25, 0.25], "texture": "#0"},
				"down": {"uv": [6.75, 4.5, 5.5, 5], "texture": "#0"}
			}
		},
		{
			"from": [2, 9, 3],
			"to": [5, 11, 5],
			"rotation": {"angle": 0, "axis": "y", "origin": [3, 6, 0]},
			"faces": {
				"north": {"uv": [5.75, 3.25, 6.5, 3.75], "texture": "#0"},
				"east": {"uv": [6.5, 2.5, 7, 3], "texture": "#0"},
				"south": {"uv": [6, 6, 6.75, 6.5], "texture": "#0"},
				"west": {"uv": [6.5, 3.25, 7, 3.75], "texture": "#0"},
				"up": {"uv": [7.25, 0.75, 6.5, 0.25], "texture": "#0"},
				"down": {"uv": [7.25, 2, 6.5, 2.5], "texture": "#0"}
			}
		},
		{
			"from": [2, 6, 3],
			"to": [7, 9, 5],
			"rotation": {"angle": 0, "axis": "y", "origin": [4, 8, 0]},
			"faces": {
				"north": {"uv": [4.5, 3, 5.75, 3.75], "texture": "#0"},
				"east": {"uv": [3.75, 6.5, 4.25, 7.25], "texture": "#0"},
				"south": {"uv": [3.5, 4.5, 4.75, 5.25], "texture": "#0"},
				"west": {"uv": [4.25, 6.5, 4.75, 7.25], "texture": "#0"},
				"up": {"uv": [6.75, 5.5, 5.5, 5], "texture": "#0"},
				"down": {"uv": [6.75, 5.5, 5.5, 6], "texture": "#0"}
			}
		},
		{
			"from": [7, 6, 2.8],
			"to": [9, 29, 3.8],
			"rotation": {"angle": 0, "axis": "y", "origin": [8, 6, 0]},
			"faces": {
				"north": {"uv": [0, 2.5, 0.5, 8.25], "texture": "#0"},
				"east": {"uv": [1, 4.5, 1.25, 10.25], "texture": "#0"},
				"south": {"uv": [0.5, 2.5, 1, 8.25], "texture": "#0"},
				"west": {"uv": [1.25, 4.5, 1.5, 10.25], "texture": "#0"},
				"up": {"uv": [7.75, 1.25, 7.25, 1], "texture": "#0"},
				"down": {"uv": [7.75, 1.25, 7.25, 1.5], "texture": "#0"}
			}
		},
		{
			"from": [9, 24, 2.8],
			"to": [10, 27, 3.8],
			"rotation": {"angle": 0, "axis": "y", "origin": [8, 24, 0]},
			"faces": {
				"north": {"uv": [7, 3.75, 7.25, 4.5], "texture": "#0"},
				"east": {"uv": [7, 4.5, 7.25, 5.25], "texture": "#0"},
				"south": {"uv": [5, 7, 5.25, 7.75], "texture": "#0"},
				"west": {"uv": [5.25, 7, 5.5, 7.75], "texture": "#0"},
				"up": {"uv": [3.5, 5.25, 3.25, 5], "texture": "#0"},
				"down": {"uv": [7.5, 4.75, 7.25, 5], "texture": "#0"}
			}
		},
		{
			"from": [6, 29, 2.8],
			"to": [8, 31, 3.8],
			"rotation": {"angle": 0, "axis": "y", "origin": [7, 24, 0]},
			"faces": {
				"north": {"uv": [6.75, 1, 7.25, 1.5], "texture": "#0"},
				"east": {"uv": [7.25, 1.5, 7.5, 2], "texture": "#0"},
				"south": {"uv": [6.75, 1.5, 7.25, 2], "texture": "#0"},
				"west": {"uv": [7.25, 2, 7.5, 2.5], "texture": "#0"},
				"up": {"uv": [4.25, 7.5, 3.75, 7.25], "texture": "#0"},
				"down": {"uv": [7.75, 3.75, 7.25, 4], "texture": "#0"}
			}
		},
		{
			"from": [6, 25, 2.8],
			"to": [7, 29, 3.8],
			"rotation": {"angle": 0, "axis": "y", "origin": [6, 25, 0]},
			"faces": {
				"north": {"uv": [3.25, 6.75, 3.5, 7.75], "texture": "#0"},
				"east": {"uv": [3.5, 6.75, 3.75, 7.75], "texture": "#0"},
				"south": {"uv": [6.75, 4.5, 7, 5.5], "texture": "#0"},
				"west": {"uv": [6.75, 5.5, 7, 6.5], "texture": "#0"},
				"up": {"uv": [7.5, 5.25, 7.25, 5], "texture": "#0"},
				"down": {"uv": [6.25, 7.25, 6, 7.5], "texture": "#0"}
			}
		},
		{
			"from": [11, 12, 3],
			"to": [13, 13, 5],
			"faces": {
				"north": {"uv": [7.25, 4, 7.75, 4.25], "texture": "#0"},
				"east": {"uv": [4.25, 7.25, 4.75, 7.5], "texture": "#0"},
				"south": {"uv": [7.25, 4.25, 7.75, 4.5], "texture": "#0"},
				"west": {"uv": [7.25, 4.5, 7.75, 4.75], "texture": "#0"},
				"up": {"uv": [7.5, 3, 7, 2.5], "texture": "#0"},
				"down": {"uv": [7.5, 3.25, 7, 3.75], "texture": "#0"}
			}
		},
		{
			"from": [7, 6, 3.8],
			"to": [9, 9, 4.3],
			"faces": {
				"north": {"uv": [6, 6.5, 6.5, 7.25], "texture": "#0"},
				"east": {"uv": [5.5, 7.25, 5.625, 8], "texture": "#0"},
				"south": {"uv": [6.5, 6.5, 7, 7.25], "texture": "#0"},
				"west": {"uv": [5.75, 7.25, 5.875, 8], "texture": "#0"},
				"up": {"uv": [6.75, 7.375, 6.25, 7.25], "texture": "#0"},
				"down": {"uv": [7.25, 7.25, 6.75, 7.375], "texture": "#0"}
			}
		},
		{
			"from": [7, 4.8, 2.5],
			"to": [9, 5.5, 3],
			"faces": {
				"north": {"uv": [7.25, 7.25, 7.75, 7.375], "texture": "#0"},
				"east": {"uv": [7.75, 6.5, 7.875, 6.625], "texture": "#0"},
				"south": {"uv": [7.5, 1.5, 8, 1.625], "texture": "#0"},
				"west": {"uv": [6.75, 7.75, 6.875, 7.875], "texture": "#0"},
				"up": {"uv": [8, 1.875, 7.5, 1.75], "texture": "#0"},
				"down": {"uv": [8, 2, 7.5, 2.125], "texture": "#0"}
			}
		},
		{
			"from": [7, 3.1, 2.5],
			"to": [9, 3.8, 3],
			"faces": {
				"north": {"uv": [7.5, 2.25, 8, 2.375], "texture": "#0"},
				"east": {"uv": [7.75, 6.75, 7.875, 6.875], "texture": "#0"},
				"south": {"uv": [7.5, 2.5, 8, 2.625], "texture": "#0"},
				"west": {"uv": [7, 7.75, 7.125, 7.875], "texture": "#0"},
				"up": {"uv": [8, 2.875, 7.5, 2.75], "texture": "#0"},
				"down": {"uv": [8, 3.25, 7.5, 3.375], "texture": "#0"}
			}
		},
		{
			"from": [7, 1.6, 2.5],
			"to": [9, 2.3, 3],
			"faces": {
				"north": {"uv": [7.5, 3.5, 8, 3.625], "texture": "#0"},
				"east": {"uv": [7.75, 7, 7.875, 7.125], "texture": "#0"},
				"south": {"uv": [3.75, 7.5, 4.25, 7.625], "texture": "#0"},
				"west": {"uv": [7.25, 7.75, 7.375, 7.875], "texture": "#0"},
				"up": {"uv": [4.75, 7.625, 4.25, 7.5], "texture": "#0"},
				"down": {"uv": [8, 4.75, 7.5, 4.875], "texture": "#0"}
			}
		},
		{
			"from": [7, 0.8, 2.5],
			"to": [9, 1.5, 3],
			"faces": {
				"north": {"uv": [7.5, 5, 8, 5.125], "texture": "#0"},
				"east": {"uv": [7.75, 7.25, 7.875, 7.375], "texture": "#0"},
				"south": {"uv": [6, 7.5, 6.5, 7.625], "texture": "#0"},
				"west": {"uv": [7.5, 7.75, 7.625, 7.875], "texture": "#0"},
				"up": {"uv": [7, 7.625, 6.5, 7.5], "texture": "#0"},
				"down": {"uv": [7.5, 7.5, 7, 7.625], "texture": "#0"}
			}
		},
		{
			"from": [6.8, -0.4, 2.2],
			"to": [9.3, 0.6, 3],
			"rotation": {"angle": 0, "axis": "y", "origin": [0.75, 0, 0]},
			"faces": {
				"north": {"uv": [7, 5.25, 7.625, 5.5], "texture": "#0"},
				"east": {"uv": [7.5, 7.5, 7.75, 7.75], "texture": "#0"},
				"south": {"uv": [7, 5.5, 7.625, 5.75], "texture": "#0"},
				"west": {"uv": [7.75, 0, 8, 0.25], "texture": "#0"},
				"up": {"uv": [7.625, 6, 7, 5.75], "texture": "#0"},
				"down": {"uv": [7.625, 6, 7, 6.25], "texture": "#0"}
			}
		},
		{
			"from": [2.5, -3.5, 2],
			"to": [4.8, -2.5, 3],
			"rotation": {"angle": 22.5, "axis": "z", "origin": [0, 0, 0]},
			"faces": {
				"north": {"uv": [7, 6.25, 7.625, 6.5], "texture": "#0"},
				"east": {"uv": [7.75, 0.25, 8, 0.5], "texture": "#0"},
				"south": {"uv": [7, 6.5, 7.625, 6.75], "texture": "#0"},
				"west": {"uv": [7.75, 0.5, 8, 0.75], "texture": "#0"},
				"up": {"uv": [7.625, 7, 7, 6.75], "texture": "#0"},
				"down": {"uv": [7.625, 7, 7, 7.25], "texture": "#0"}
			}
		},
		{
			"from": [3, 0, 2.3],
			"to": [3.7, 0.7, 3],
			"faces": {
				"north": {"uv": [7.75, 7.5, 7.875, 7.625], "texture": "#0"},
				"east": {"uv": [7.75, 7.75, 7.875, 7.875], "texture": "#0"},
				"south": {"uv": [8, 0, 8.125, 0.125], "texture": "#0"},
				"west": {"uv": [8, 0.25, 8.125, 0.375], "texture": "#0"},
				"up": {"uv": [8.125, 0.625, 8, 0.5], "texture": "#0"},
				"down": {"uv": [8.125, 0.75, 8, 0.875], "texture": "#0"}
			}
		},
		{
			"from": [4.5, 0.5, 2.3],
			"to": [5.2, 1.2, 3],
			"faces": {
				"north": {"uv": [8, 1, 8.125, 1.125], "texture": "#0"},
				"east": {"uv": [8, 1.25, 8.125, 1.375], "texture": "#0"},
				"south": {"uv": [8, 1.5, 8.125, 1.625], "texture": "#0"},
				"west": {"uv": [8, 1.75, 8.125, 1.875], "texture": "#0"},
				"up": {"uv": [8.125, 2.125, 8, 2], "texture": "#0"},
				"down": {"uv": [8.125, 2.25, 8, 2.375], "texture": "#0"}
			}
		},
		{
			"from": [6, 1.2, 2.3],
			"to": [6.7, 1.9, 3],
			"faces": {
				"north": {"uv": [8, 2.5, 8.125, 2.625], "texture": "#0"},
				"east": {"uv": [8, 2.75, 8.125, 2.875], "texture": "#0"},
				"south": {"uv": [8, 3, 8.125, 3.125], "texture": "#0"},
				"west": {"uv": [3.25, 8, 3.375, 8.125], "texture": "#0"},
				"up": {"uv": [8.125, 3.375, 8, 3.25], "texture": "#0"},
				"down": {"uv": [3.625, 8, 3.5, 8.125], "texture": "#0"}
			}
		},
		{
			"from": [6.7, 29, 2],
			"to": [7.7, 30, 3],
			"faces": {
				"north": {"uv": [7.75, 0.75, 8, 1], "texture": "#0"},
				"east": {"uv": [7.75, 1, 8, 1.25], "texture": "#0"},
				"south": {"uv": [7.75, 1.25, 8, 1.5], "texture": "#0"},
				"west": {"uv": [7.75, 3, 8, 3.25], "texture": "#0"},
				"up": {"uv": [3.5, 8, 3.25, 7.75], "texture": "#0"},
				"down": {"uv": [3.75, 7.75, 3.5, 8], "texture": "#0"}
			}
		},
		{
			"from": [7.8, 26, 2],
			"to": [8.8, 27, 3],
			"faces": {
				"north": {"uv": [3.75, 7.75, 4, 8], "texture": "#0"},
				"east": {"uv": [7.75, 3.75, 8, 4], "texture": "#0"},
				"south": {"uv": [4, 7.75, 4.25, 8], "texture": "#0"},
				"west": {"uv": [7.75, 4, 8, 4.25], "texture": "#0"},
				"up": {"uv": [4.5, 8, 4.25, 7.75], "texture": "#0"},
				"down": {"uv": [8, 4.25, 7.75, 4.5], "texture": "#0"}
			}
		},
		{
			"from": [8.3, 24.5, 2],
			"to": [9.3, 25.5, 3],
			"faces": {
				"north": {"uv": [4.5, 7.75, 4.75, 8], "texture": "#0"},
				"east": {"uv": [7.75, 4.5, 8, 4.75], "texture": "#0"},
				"south": {"uv": [5, 7.75, 5.25, 8], "texture": "#0"},
				"west": {"uv": [5.25, 7.75, 5.5, 8], "texture": "#0"},
				"up": {"uv": [8, 5.5, 7.75, 5.25], "texture": "#0"},
				"down": {"uv": [8, 5.5, 7.75, 5.75], "texture": "#0"}
			}
		},
		{
			"from": [8.7, 0, 2.3],
			"to": [8.9, 25, 2.3],
			"faces": {
				"north": {"uv": [2.75, 5, 2.875, 11.25], "texture": "#0"},
				"east": {"uv": [0, 0, 0, 6.25], "texture": "#0"},
				"south": {"uv": [3, 5, 3.125, 11.25], "texture": "#0"},
				"west": {"uv": [0, 0, 0, 6.25], "texture": "#0"},
				"up": {"uv": [0.125, 0, 0, 0], "texture": "#0"},
				"down": {"uv": [0.125, 0, 0, 0], "texture": "#0"}
			}
		},
		{
			"from": [8.2, 0, 2.3],
			"to": [8.4, 26, 2.3],
			"faces": {
				"north": {"uv": [2.25, 5, 2.375, 11.5], "texture": "#0"},
				"east": {"uv": [0, 0, 0, 6.5], "texture": "#0"},
				"south": {"uv": [2.5, 5, 2.625, 11.5], "texture": "#0"},
				"west": {"uv": [0, 0, 0, 6.5], "texture": "#0"},
				"up": {"uv": [0.125, 0, 0, 0], "texture": "#0"},
				"down": {"uv": [0.125, 0, 0, 0], "texture": "#0"}
			}
		},
		{
			"from": [7.6, 0, 2.3],
			"to": [7.8, 28, 2.3],
			"faces": {
				"north": {"uv": [1.75, 5, 1.875, 12], "texture": "#0"},
				"east": {"uv": [0, 0, 0, 7], "texture": "#0"},
				"south": {"uv": [2, 5, 2.125, 12], "texture": "#0"},
				"west": {"uv": [0, 0, 0, 7], "texture": "#0"},
				"up": {"uv": [0.125, 0, 0, 0], "texture": "#0"},
				"down": {"uv": [0.125, 0, 0, 0], "texture": "#0"}
			}
		},
		{
			"from": [7.1, 0, 2.3],
			"to": [7.3, 29, 2.3],
			"faces": {
				"north": {"uv": [4.75, 4.5, 4.875, 11.75], "texture": "#0"},
				"east": {"uv": [0, 0, 0, 7.25], "texture": "#0"},
				"south": {"uv": [1.5, 5, 1.625, 12.25], "texture": "#0"},
				"west": {"uv": [0, 0, 0, 7.25], "texture": "#0"},
				"up": {"uv": [0.125, 0, 0, 0], "texture": "#0"},
				"down": {"uv": [0.125, 0, 0, 0], "texture": "#0"}
			}
		},
		{
			"from": [7.2, 27.5, 2],
			"to": [8.2, 28.5, 3],
			"faces": {
				"north": {"uv": [7.75, 5.75, 8, 6], "texture": "#0"},
				"east": {"uv": [6, 7.75, 6.25, 8], "texture": "#0"},
				"south": {"uv": [7.75, 6, 8, 6.25], "texture": "#0"},
				"west": {"uv": [6.25, 7.75, 6.5, 8], "texture": "#0"},
				"up": {"uv": [8, 6.5, 7.75, 6.25], "texture": "#0"},
				"down": {"uv": [6.75, 7.75, 6.5, 8], "texture": "#0"}
			}
		}
	],
	"display": {
		"thirdperson_righthand": {
			"rotation": [71, -3, 60],
			"translation": [-5.25, -3, 1.25],
			"scale": [0.8, 0.8, 0.8]
		},
		"thirdperson_lefthand": {
			"rotation": [71, -3, 60],
			"translation": [-5.25, -3, 1.25],
			"scale": [0.8, 0.8, 0.8]
		},
		"firstperson_righthand": {
			"rotation": [0, 0, 72],
			"translation": [-4.75, 0, 7],
			"scale": [0.9, 0.9, 0.9]
		},
		"firstperson_lefthand": {
			"rotation": [0, 0, 73],
			"translation": [-3, 0.5, 7],
			"scale": [0.9, 0.9, 0.9]
		},
		"ground": {
			"rotation": [45, 9, 39],
			"scale": [0.5, 0.5, 0.5]
		},
		"gui": {
			"rotation": [0, -180, 41],
			"translation": [-1, -1, 0],
			"scale": [0.5, 0.5, 0.5]
		},
		"fixed": {
			"translation": [0, 0, 4.25]
		}
	}
}